origin,destination,count,cat
lu,fr,1506800,Pos
ae,in,917500,Pos
qa,in,714400,Pos
pa,ve,605800,Pos
ng,gb,553000,Pos
mw,us,498200,Pos
lu,be,496700,Pos
pg,au,455800,Pos
zm,gb,432700,Pos
ke,us,403500,Pos
zw,us,386000,Pos
ng,us,371200,Pos
bh,in,368500,Pos
ch,fr,361200,Pos
cd,us,342700,Pos
zm,us,336000,Pos
kw,in,325500,Pos
ir,us,324700,Pos
pg,us,298100,Pos
tz,us,296000,Pos
sa,us,290500,Pos
sd,us,289300,Pos
ga,fr,285800,Pos
lu,de,253700,Pos
sa,in,239400,Pos
ae,pk,236300,Pos
ps,il,233800,Pos
ao,pt,232400,Pos
om,in,228200,Pos
na,us,223900,Pos
ao,us,221000,Pos
mz,us,216900,Pos
za,us,213000,Pos
cy,tr,211100,Pos
na,za,209000,Pos
sg,in,202700,Pos
ge,us,202100,Pos
mt,it,201000,Pos
ug,us,201000,Pos
et,us,194900,Pos
id,us,178700,Pos
gh,us,176600,Pos
ga,us,170900,Pos
ae,us,170000,Pos
lu,it,164700,Pos
bw,gb,158800,Pos
mw,gb,158500,Pos
qa,eg,156200,Pos
cd,fr,154000,Pos
ml,us,151900,Pos
kh,us,149900,Pos
mm,us,147700,Pos
za,gb,142600,Pos
cd,za,141300,Pos
rw,us,139100,Pos
ch,it,136900,Pos
iq,us,134700,Pos
hn,gt,134600,Pos
bj,us,130200,Pos
ga,gb,128900,Pos
sa,eg,127600,Pos
ae,gb,124100,Pos
sa,pk,123500,Pos
sg,my,123200,Pos
nz,in,122900,Pos
ch,de,121200,Pos
qa,ph,120000,Pos
ht,us,118600,Pos
bw,us,118300,Pos
mm,sg,117500,Pos
mn,us,114700,Pos
kw,us,114600,Pos
ps,us,114600,Pos
ae,ph,109100,Pos
bs,us,107100,Pos
cd,rw,104700,Pos
ie,br,101600,Pos
lb,us,101600,Pos
ml,fr,100500,Pos
mm,th,98800,Pos
cu,es,98300,Pos
bd,us,97100,Pos
om,us,95800,Pos
kw,eg,95500,Pos
au,in,95200,Pos
qa,us,95100,Pos
eg,us,94600,Pos
bh,us,92900,Pos
ae,eg,92000,Pos
py,us,91300,Pos
mu,us,90400,Pos
mg,us,90000,Pos
pa,us,89200,Pos
bh,pk,88800,Pos
mz,pt,86900,Pos
mt,gb,85600,Pos
zw,is,85200,Pos
kh,vn,84300,Pos
ly,us,84100,Pos
ba,us,82400,Pos
lk,us,82300,Pos
zm,za,82000,Pos
cl,ve,81700,Pos
ec,us,81600,Pos
hr,us,81600,Pos
qa,gb,80900,Pos
hk,cn,78800,Pos
hk,gb,78400,Pos
ao,br,77600,Pos
cd,gb,77300,Pos
sy,us,77300,Pos
qa,sa,76800,Pos
fj,us,76700,Pos
lu,ro,75000,Pos
bf,us,74800,Pos
pl,ua,74200,Pos
ee,ua,74000,Pos
ni,us,73800,Pos
lu,es,73000,Pos
hn,us,72400,Pos
az,us,70200,Pos
ec,ve,69300,Pos
al,us,68800,Pos
lt,us,68000,Pos
lu,nl,67700,Pos
uy,us,67300,Pos
ca,in,67200,Pos
na,gb,67200,Pos
hk,us,66200,Pos
cy,us,66100,Pos
bf,fr,65100,Pos
sa,ro,64900,Pos
mz,za,64700,Pos
rs,us,63900,Pos
np,in,63800,Pos
ma,us,63700,Pos
de,in,62900,Pos
qa,lk,62800,Pos
my,us,62600,Pos
cr,us,61800,Pos
qa,pk,61700,Pos
mu,fr,61200,Pos
bw,za,60800,Pos
sa,gb,59000,Pos
tz,in,58700,Pos
hu,us,56700,Pos
mm,in,56700,Pos
pt,br,56200,Pos
si,us,55900,Pos
lu,gb,55800,Pos
sk,us,55500,Pos
cy,gr,55400,Pos
bh,gb,53500,Pos
th,us,53500,Pos
cd,be,53300,Pos
cz,sk,53300,Pos
fj,au,53100,Pos
gt,us,52100,Pos
ao,gb,52000,Pos
pk,us,51900,Pos
sv,gt,51800,Pos
gr,us,51700,Pos
ga,sn,51300,Pos
ee,us,51100,Pos
qa,jo,50400,Pos
cl,us,49800,Pos
co,us,49800,Pos
lu,us,49800,Pos
ae,jo,49300,Pos
lu,pt,49100,Pos
nz,us,48800,Pos
mz,gb,48700,Pos
uy,ve,48300,Pos
gb,us,47800,Pos
ke,no,47500,Pos
lu,pl,47100,Pos
jo,us,46900,Pos
sa,ph,46900,Pos
sa,jo,46600,Pos
bg,us,46500,Pos
br,us,46300,Pos
mt,us,46000,Pos
ci,tn,45800,Pos
ie,it,45700,Pos
uz,gb,45700,Pos
cm,us,45600,Pos
de,us,45600,Pos
lu,gr,45200,Pos
mg,fr,44500,Pos
ie,in,44200,Pos
ir,ro,44200,Pos
hk,au,43900,Pos
zm,in,43900,Pos
tt,us,43600,Pos
nz,za,43100,Pos
be,fr,43000,Pos
ae,lb,42500,Pos
my,in,42200,Pos
ye,us,41900,Pos
cr,ve,41400,Pos
ge,in,40800,Pos
ci,us,40600,Pos
pg,ph,39700,Pos
at,it,39600,Pos
is,us,39600,Pos
ao,za,39400,Pos
pe,us,39300,Pos
zw,gb,39100,Pos
cz,us,39000,Pos
do,es,38900,Pos
af,pk,38600,Pos
ie,au,38300,Pos
kw,gb,38300,Pos
by,ua,38000,Pos
se,us,37900,Pos
ie,us,37800,Pos
kh,fr,37800,Pos
ml,ci,37700,Pos
qa,om,37700,Pos
ie,fr,37600,Pos
co,ve,37300,Pos
jp,us,37300,Pos
ch,es,37000,Pos
de,it,36600,Pos
ng,no,36600,Pos
cd,ke,36000,Pos
lv,us,36000,Pos
at,hu,35600,Pos
pa,co,35600,Pos
mm,gb,35400,Pos
ao,fr,35200,Pos
ao,na,35200,Pos
kz,gb,35200,Pos
mu,gb,35200,Pos
af,in,34700,Pos
au,us,34100,Pos
pa,es,34000,Pos
sn,fr,33800,Pos
af,br,33600,Pos
hk,in,33300,Pos
tz,gb,33300,Pos
lu,in,33200,Pos
hk,fr,33100,Pos
fi,us,33000,Pos
cd,in,32700,Pos
bh,eg,32300,Pos
ae,fr,31900,Pos
mm,cn,31700,Pos
ir,gb,31500,Pos
kz,us,31400,Pos
sg,fr,31300,Pos
rw,gb,31000,Pos
bh,ph,30800,Pos
ke,gb,30800,Pos
qa,tn,30300,Pos
rw,in,30100,Pos
sk,ua,30100,Pos
do,ve,30000,Pos
al,it,29900,Pos
af,za,29700,Pos
gh,no,29700,Pos
bs,gb,29500,Pos
ch,us,29500,Pos
nz,cn,29200,Pos
bo,es,29100,Pos
zw,no,28800,Pos
ro,us,28600,Pos
al,cn,28400,Pos
mt,pl,28300,Pos
nz,ph,28300,Pos
sg,ph,28000,Pos
tr,us,27900,Pos
mn,cn,27800,Pos
az,gb,27600,Pos
de,fr,27600,Pos
om,pk,27500,Pos
af,fr,27400,Pos
es,ve,27400,Pos
et,in,27100,Pos
mm,ae,27000,Pos
af,it,26900,Pos
ie,es,26900,Pos
mt,se,26600,Pos
pa,br,26600,Pos
mm,ph,26500,Pos
sa,sd,26500,Pos
af,cn,26300,Pos
qa,es,26000,Pos
py,br,25700,Pos
sg,gb,25700,Pos
lv,ua,25500,Pos
gh,eg,25400,Pos
iq,gb,25200,Pos
kh,au,25200,Pos
pl,us,25200,Pos
at,us,24900,Pos
qa,za,24900,Pos
py,ar,24800,Pos
de,gb,24700,Pos
ae,za,24500,Pos
se,in,24500,Pos
ae,sa,24400,Pos
mm,au,24400,Pos
mm,my,24400,Pos
no,us,24400,Pos
ng,is,24200,Pos
na,zw,24000,Pos
mw,za,23900,Pos
ae,qa,23800,Pos
ie,hr,23400,Pos
zm,ke,23000,Pos
mt,nl,22600,Pos
cy,ua,22400,Pos
ae,it,22200,Pos
ch,nl,22200,Pos
de,es,22100,Pos
hu,ro,22100,Pos
gb,it,21900,Pos
lu,hu,21900,Pos
af,au,21800,Pos
vn,us,21800,Pos
ae,ro,21500,Pos
mx,es,21300,Pos
ae,om,21100,Pos
dk,us,21000,Pos
lk,in,20900,Pos
qa,fr,20900,Pos
sg,cn,20700,Pos
be,nl,20600,Pos
bw,in,20300,Pos
mz,zw,20300,Pos
ug,gb,20300,Pos
ni,es,20200,Pos
sa,lb,20100,Pos
ar,ve,19900,Pos
at,sk,19900,Pos
bo,us,19900,Pos
hk,ng,19800,Pos
ph,us,19800,Pos
iq,in,19700,Pos
ar,us,19600,Pos
ug,in,19500,Pos
ch,pt,19300,Pos
pg,nz,19300,Pos
kh,my,19200,Pos
nz,sg,18500,Pos
bf,ca,18400,Pos
py,es,18400,Pos
iq,my,18300,Pos
ke,in,18300,Pos
mm,jp,18200,Pos
kh,th,18100,Pos
tz,no,18100,Pos
ca,ir,18000,Pos
th,in,18000,Pos
kw,lb,17800,Pos
nl,in,17800,Pos
ao,in,17600,Pos
be,it,17600,Pos
cm,gb,17600,Pos
ht,fr,17600,Pos
sg,us,17600,Pos
zm,na,17600,Pos
dz,us,17400,Pos
hn,es,17400,Pos
iq,af,17400,Pos
mw,in,17400,Pos
ch,pl,17300,Pos
lu,fi,17300,Pos
jp,fr,17100,Pos
lt,ua,17100,Pos
kw,ph,17000,Pos
mt,hu,17000,Pos
qa,kw,17000,Pos
mn,gb,16900,Pos
sn,us,16900,Pos
tn,us,16900,Pos
at,si,16800,Pos
ee,lv,16800,Pos
pe,es,16800,Pos
dk,se,16700,Pos
nz,br,16700,Pos
lu,br,16600,Pos
ch,gb,16500,Pos
sd,my,16300,Pos
pa,ar,16100,Pos
ci,gb,16000,Pos
de,br,15900,Pos
lv,dk,15900,Pos
np,gb,15900,Pos
ci,gh,15800,Pos
hk,tw,15700,Pos
qa,ro,15700,Pos
ng,in,15600,Pos
de,ro,15500,Pos
qa,id,15500,Pos
kz,ua,15400,Pos
at,fr,15300,Pos
hu,in,15300,Pos
kh,in,15300,Pos
mt,ph,15300,Pos
mt,tr,15300,Pos
iq,sy,15100,Pos
pg,in,15000,Pos
at,rs,14900,Pos
ir,my,14900,Pos
th,gb,14900,Pos
ch,br,14800,Pos
cr,es,14800,Pos
ke,za,14800,Pos
ae,sg,14700,Pos
cl,ar,14700,Pos
dk,in,14700,Pos
jp,gb,14700,Pos
qa,gr,14600,Pos
qa,ma,14600,Pos
de,nl,14500,Pos
ec,es,14500,Pos
cl,es,14400,Pos
gb,fr,14400,Pos
is,dk,14400,Pos
it,us,14400,Pos
vn,fr,14300,Pos
mz,in,14200,Pos
at,ro,14100,Pos
at,hr,14000,Pos
at,es,14000,Pos
cd,ug,14000,Pos
ae,ua,13900,Pos
ae,lk,13700,Pos
ae,ng,13600,Pos
ca,fr,13600,Pos
cz,it,13600,Pos
hr,ba,13600,Pos
iq,ae,13600,Pos
qa,bh,13500,Pos
af,nl,13400,Pos
lt,in,13300,Pos
mu,in,13300,Pos
uy,cu,13300,Pos
es,it,13200,Pos
pe,ve,13200,Pos
rw,ug,13200,Pos
vn,gb,13200,Pos
au,za,13100,Pos
ie,ro,13100,Pos
qa,it,13100,Pos
au,br,13000,Pos
au,pk,13000,Pos
iq,pk,13000,Pos
ch,in,12900,Pos
gb,ro,12900,Pos
kw,jo,12900,Pos
ae,kw,12800,Pos
az,cn,12700,Pos
ch,be,12700,Pos
hk,ca,12700,Pos
gh,gb,12600,Pos
lu,ca,12600,Pos
lu,ie,12600,Pos
sg,kr,12600,Pos
de,tr,12500,Pos
il,ua,12500,Pos
iq,eg,12500,Pos
de,ua,12400,Pos
ge,tr,12400,Pos
lb,sy,12400,Pos
ae,es,12300,Pos
au,cn,12300,Pos
cm,za,12200,Pos
dk,it,12200,Pos
ee,fr,12200,Pos
et,tr,12200,Pos
il,fr,12200,Pos
qa,tr,12200,Pos
mn,au,12100,Pos
pa,ca,12100,Pos
sd,eg,12100,Pos
kh,kr,12000,Pos
mu,my,12000,Pos
ae,tr,11700,Pos
ge,ua,11700,Pos
lt,by,11700,Pos
at,in,11600,Pos
at,ua,11600,Pos
ch,at,11600,Pos
nz,fr,11600,Pos
sn,it,11600,Pos
sg,hk,11500,Pos
ug,za,11500,Pos
ca,br,11400,Pos
gt,ve,11400,Pos
at,ir,11300,Pos
co,es,11300,Pos
de,pl,11300,Pos
lu,cz,11300,Pos
sa,my,11300,Pos
se,fi,11300,Pos
dk,ir,11200,Pos
se,gb,11200,Pos
tz,za,11000,Pos
uy,es,11000,Pos
cz,in,10900,Pos
mm,id,10900,Pos
ch,gr,10800,Pos
gb,es,10800,Pos
lk,gb,10800,Pos
sd,in,10800,Pos
hu,ua,10700,Pos
nl,it,10700,Pos
bh,jo,10600,Pos
fr,tn,10600,Pos
lu,se,10600,Pos
ht,do,10500,Pos
se,it,10500,Pos
at,ba,10400,Pos
gh,in,10400,Pos
ng,pl,10400,Pos
za,no,10400,Pos
bd,gb,10300,Pos
is,gb,10300,Pos
om,eg,10300,Pos
ae,nl,10200,Pos
be,us,10200,Pos
et,nl,10200,Pos
gb,pt,10200,Pos
ae,sy,10100,Pos
ch,hu,10100,Pos
kr,in,10100,Pos
mx,ve,10100,Pos
sv,es,10100,Pos
gt,es,10000,Pos
ie,pt,10000,Pos
pa,do,10000,Pos
au,ir,9900,Pos
om,tr,9900,Pos
vn,in,9900,Pos
ni,cr,9800,Pos
au,ph,9700,Pos
mt,fr,9700,Pos
sa,au,9700,Pos
sa,za,9700,Pos
ca,cn,9600,Pos
ci,in,9600,Pos
ci,sn,9600,Pos
cm,in,9600,Pos
qa,dz,9600,Pos
qa,ng,9600,Pos
si,rs,9600,Pos
nz,my,9500,Pos
ug,no,9500,Pos
et,no,9400,Pos
no,gb,9400,Pos
de,hu,9300,Pos
ec,co,9300,Pos
ie,nl,9300,Pos
ni,gt,9300,Pos
zm,au,9300,Pos
de,hr,9200,Pos
hu,rs,9200,Pos
pa,it,9200,Pos
ps,gb,9200,Pos
de,cn,9100,Pos
sg,jp,9100,Pos
ae,bh,9000,Pos
ci,ma,9000,Pos
cz,ua,9000,Pos
pl,it,9000,Pos
se,fr,9000,Pos
uy,br,8900,Pos
au,lk,8800,Pos
ca,pk,8800,Pos
cn,gb,8800,Pos
ir,nl,8800,Pos
kh,ca,8800,Pos
bg,ua,8700,Pos
tt,gb,8700,Pos
ae,cn,8600,Pos
et,cn,8600,Pos
sa,es,8600,Pos
se,gr,8600,Pos
th,cn,8600,Pos
ci,bj,8500,Pos
af,es,8400,Pos
af,tr,8400,Pos
de,gr,8400,Pos
ee,it,8400,Pos
om,jo,8400,Pos
ca,ph,8300,Pos
cz,fr,8300,Pos
no,pl,8300,Pos
qa,my,8300,Pos
ch,ca,8200,Pos
cl,br,8200,Pos
hu,it,8200,Pos
kh,nl,8200,Pos
ae,br,8100,Pos
ca,us,8100,Pos
dk,ro,8100,Pos
jo,ps,8100,Pos
nz,ar,8100,Pos
om,gb,8100,Pos
ae,ch,8000,Pos
au,gb,8000,Pos
nz,au,8000,Pos
tt,jm,8000,Pos
ae,ps,7900,Pos
fr,it,7900,Pos
nz,lk,7900,Pos
qa,rs,7900,Pos
sg,tw,7900,Pos
bf,sn,7800,Pos
gb,gr,7700,Pos
kh,cn,7700,Pos
kz,cn,7700,Pos
pa,sv,7700,Pos
ro,md,7700,Pos
ae,ma,7600,Pos
id,ca,7600,Pos
pr,es,7500,Pos
rs,ba,7500,Pos
vn,cn,7500,Pos
ae,my,7400,Pos
at,bg,7400,Pos
fr,ma,7400,Pos
se,es,7400,Pos
sn,bj,7400,Pos
sy,eg,7400,Pos
tw,in,7400,Pos
at,gr,7300,Pos
at,pl,7300,Pos
be,ro,7300,Pos
de,pk,7300,Pos
kz,in,7300,Pos
hk,za,7200,Pos
jo,eg,7200,Pos
ao,cn,7100,Pos
ao,ng,7100,Pos
dk,es,7100,Pos
pa,fr,7100,Pos
ch,cn,7000,Pos
kw,tr,7000,Pos
om,lb,7000,Pos
om,ph,7000,Pos
qa,pt,7000,Pos
zw,zm,7000,Pos
ae,sd,6900,Pos
de,eg,6900,Pos
ee,dk,6900,Pos
gh,fr,6900,Pos
no,dk,6900,Pos
be,in,6800,Pos
es,br,6800,Pos
hk,kr,6800,Pos
qa,ua,6800,Pos
ug,cn,6800,Pos
ye,my,6800,Pos
jo,gb,6700,Pos
no,au,6700,Pos
ae,rs,6600,Pos
ca,ng,6600,Pos
de,au,6600,Pos
de,bg,6600,Pos
pt,us,6600,Pos
th,fr,6600,Pos
at,br,6500,Pos
ch,cz,6500,Pos
dk,cn,6500,Pos
mg,mu,6500,Pos
pl,fr,6500,Pos
qa,bd,6500,Pos
qa,sd,6500,Pos
us,in,6500,Pos
ae,ie,6400,Pos
cr,ar,6400,Pos
de,mx,6400,Pos
dk,au,6400,Pos
my,ph,6400,Pos
no,it,6400,Pos
no,rs,6400,Pos
cn,tw,6300,Pos
de,ca,6300,Pos
de,pt,6300,Pos
ie,za,6300,Pos
pa,ch,6300,Pos
qa,br,6300,Pos
qa,np,6300,Pos
qa,nl,6300,Pos
sn,ma,6300,Pos
fi,pk,6200,Pos
kz,fr,6200,Pos
om,cn,6200,Pos
sa,ye,6200,Pos
sg,it,6200,Pos
ae,ke,6100,Pos
at,ca,6100,Pos
bh,za,6100,Pos
ca,ae,6100,Pos
ee,es,6100,Pos
nz,pk,6100,Pos
se,cn,6100,Pos
al,br,6000,Pos
au,bd,6000,Pos
cl,co,6000,Pos
gb,pl,6000,Pos
lu,at,6000,Pos
tz,ke,6000,Pos
ao,it,5900,Pos
fi,cn,5900,Pos
fi,it,5900,Pos
qa,ke,5900,Pos
ir,iq,5800,Pos
lv,lt,5800,Pos
se,br,5800,Pos
tz,it,5800,Pos
ae,pt,5700,Pos
id,sg,5700,Pos
ie,tr,5700,Pos
mm,fr,5700,Pos
mm,vn,5700,Pos
np,cn,5700,Pos
af,de,5600,Pos
bg,it,5600,Pos
cr,br,5600,Pos
hk,ch,5600,Pos
jp,ng,5600,Pos
sg,br,5600,Pos
az,ua,5500,Pos
ci,cm,5500,Pos
gb,in,5500,Pos
ie,hu,5500,Pos
iq,nl,5500,Pos
mz,br,5500,Pos
no,es,5500,Pos
si,it,5500,Pos
ae,pl,5400,Pos
fr,in,5400,Pos
hu,sk,5400,Pos
il,in,5400,Pos
nz,ir,5400,Pos
vn,kr,5400,Pos
be,pt,5300,Pos
de,rs,5300,Pos
ee,fi,5300,Pos
ie,ar,5300,Pos
ng,my,5300,Pos
nl,us,5300,Pos
no,nl,5300,Pos
sa,tr,5300,Pos
uy,ar,5300,Pos
dz,tr,5200,Pos
no,fr,5200,Pos
pr,mx,5200,Pos
sa,bh,5200,Pos
se,tr,5200,Pos
ae,be,5100,Pos
de,cz,5100,Pos
et,za,5100,Pos
il,br,5100,Pos
pl,by,5100,Pos
ao,es,5000,Pos
bh,fr,5000,Pos
cy,it,5000,Pos
cz,ro,5000,Pos
hk,it,5000,Pos
na,de,5000,Pos
sa,tn,5000,Pos
se,sy,5000,Pos
th,jp,5000,Pos
tz,ng,5000,Pos
at,cz,4900,Pos
cz,tr,4900,Pos
de,sy,4900,Pos
ec,ar,4900,Pos
jo,my,4900,Pos
kh,ph,4900,Pos
kw,af,4900,Pos
kw,es,4900,Pos
bd,ae,4800,Pos
be,gr,4800,Pos
dk,fr,4800,Pos
gr,in,4800,Pos
gr,tr,4800,Pos
jp,ph,4800,Pos
kz,it,4800,Pos
mt,br,4800,Pos
mt,dk,4800,Pos
mt,ch,4800,Pos
no,pt,4800,Pos
om,es,4800,Pos
qa,ie,4800,Pos
ch,ua,4700,Pos
de,be,4700,Pos
ie,pl,4700,Pos
pa,gt,4700,Pos
se,nl,4700,Pos
ch,sk,4600,Pos
ee,no,4600,Pos
fi,tr,4600,Pos
fi,vn,4600,Pos
lt,dk,4600,Pos
lt,no,4600,Pos
lu,au,4600,Pos
sg,lk,4600,Pos
vn,tw,4600,Pos
af,id,4500,Pos
ch,ro,4500,Pos
cm,ng,4500,Pos
cy,ng,4500,Pos
kr,pk,4500,Pos
pa,cr,4500,Pos
sa,fr,4500,Pos
tz,au,4500,Pos
zw,bw,4500,Pos
az,nl,4400,Pos
ci,bf,4400,Pos
ci,ng,4400,Pos
do,br,4400,Pos
do,mx,4400,Pos
ie,be,4400,Pos
jo,lb,4400,Pos
nl,fr,4400,Pos
nz,ae,4400,Pos
ph,in,4400,Pos
se,ua,4400,Pos
ae,gr,4300,Pos
at,tr,4300,Pos
cn,jp,4300,Pos
gb,br,4300,Pos
ge,az,4300,Pos
iq,jo,4300,Pos
lv,nl,4300,Pos
pt,ve,4300,Pos
sa,id,4300,Pos
ug,nl,4300,Pos
bo,ar,4200,Pos
ch,rs,4200,Pos
lt,it,4200,Pos
np,nl,4200,Pos
bd,in,4100,Pos
bd,no,4100,Pos
eg,ly,4100,Pos
nl,gr,4100,Pos
nz,id,4100,Pos
pe,br,4100,Pos
se,hu,4100,Pos
si,es,4100,Pos
tr,sy,4100,Pos
cl,gb,4000,Pos
gb,hu,4000,Pos
hr,rs,4000,Pos
ir,in,4000,Pos
kw,bh,4000,Pos
lu,cn,4000,Pos
mt,cz,4000,Pos
mt,ie,4000,Pos
nz,it,4000,Pos
sa,ps,4000,Pos
ch,lu,3900,Pos
co,ar,3900,Pos
cy,il,3900,Pos
cy,es,3900,Pos
et,fr,3900,Pos
fr,dz,3900,Pos
hk,es,3900,Pos
kr,fr,3900,Pos
ma,tn,3900,Pos
mx,us,3900,Pos
nl,br,3900,Pos
nl,tr,3900,Pos
no,gr,3900,Pos
sg,es,3900,Pos
zm,tz,3900,Pos
ae,gh,3800,Pos
ao,ca,3800,Pos
be,br,3800,Pos
ee,nl,3800,Pos
ie,gr,3800,Pos
iq,fr,3800,Pos
iq,lb,3800,Pos
ke,ug,3800,Pos
lt,be,3800,Pos
sa,ca,3800,Pos
dk,gr,3700,Pos
fr,ci,3700,Pos
om,za,3700,Pos
pe,ar,3700,Pos
pl,br,3700,Pos
qa,be,3700,Pos
se,au,3700,Pos
se,ro,3700,Pos
de,ar,3600,Pos
de,il,3600,Pos
dk,hu,3600,Pos
ie,bg,3600,Pos
ie,ua,3600,Pos
jp,ca,3600,Pos
sa,sy,3600,Pos
za,is,3600,Pos
ae,id,3500,Pos
au,ae,3500,Pos
bg,gr,3500,Pos
ca,ua,3500,Pos
ch,ie,3500,Pos
fi,ro,3500,Pos
jo,in,3500,Pos
ng,gh,3500,Pos
nl,ro,3500,Pos
nz,bd,3500,Pos
pe,co,3500,Pos
qa,dk,3500,Pos
qa,lb,3500,Pos
ae,kr,3400,Pos
dk,br,3400,Pos
dk,nl,3400,Pos
ec,ca,3400,Pos
ma,gb,3400,Pos
pa,ni,3400,Pos
vn,ph,3400,Pos
at,fi,3300,Pos
cn,fr,3300,Pos
gb,bg,3300,Pos
ie,cz,3300,Pos
qa,pl,3300,Pos
ae,zw,3200,Pos
au,it,3200,Pos
ca,bd,3200,Pos
de,fi,3200,Pos
de,ve,3200,Pos
gh,za,3200,Pos
iq,it,3200,Pos
kw,my,3200,Pos
ng,fr,3200,Pos
nz,nl,3200,Pos
sa,ie,3200,Pos
tw,gb,3200,Pos
ae,tn,3100,Pos
at,pt,3100,Pos
au,np,3100,Pos
bd,jp,3100,Pos
cz,gr,3100,Pos
dk,bg,3100,Pos
dz,in,3100,Pos
fi,ir,3100,Pos
ie,cn,3100,Pos
ie,mx,3100,Pos
ng,kw,3100,Pos
nl,ua,3100,Pos
no,ro,3100,Pos
nz,ca,3100,Pos
sg,be,3100,Pos
be,es,3000,Pos
bh,lb,3000,Pos
ca,eg,3000,Pos
dk,pt,3000,Pos
es,us,3000,Pos
il,us,3000,Pos
jp,es,3000,Pos
mx,br,3000,Pos
pl,tr,3000,Pos
th,ua,3000,Pos
vn,my,3000,Pos
de,tn,2900,Pos
il,ar,2900,Pos
jp,kr,2900,Pos
lv,no,2900,Pos
nz,cz,2900,Pos
nz,es,2900,Pos
ro,it,2900,Pos
sg,nl,2900,Pos
th,my,2900,Pos
za,in,2900,Pos
at,eg,2800,Pos
co,br,2800,Pos
ec,pa,2800,Pos
ie,ve,2800,Pos
jo,it,2800,Pos
no,hr,2800,Pos
sa,lk,2800,Pos
dk,sk,2700,Pos
fi,gr,2700,Pos
fr,ro,2700,Pos
ie,at,2700,Pos
it,br,2700,Pos
it,in,2700,Pos
ke,it,2700,Pos
no,kr,2700,Pos
se,no,2700,Pos
sg,ie,2700,Pos
th,it,2700,Pos
ch,au,2600,Pos
ch,za,2600,Pos
ci,tg,2600,Pos
cr,ca,2600,Pos
de,ba,2600,Pos
de,lb,2600,Pos
dk,ua,2600,Pos
ec,mx,2600,Pos
eg,ro,2600,Pos
id,cn,2600,Pos
id,in,2600,Pos
ie,eg,2600,Pos
iq,kw,2600,Pos
jp,it,2600,Pos
jp,za,2600,Pos
my,bd,2600,Pos
my,fr,2600,Pos
nz,kr,2600,Pos
om,de,2600,Pos
om,id,2600,Pos
pa,gb,2600,Pos
rs,gr,2600,Pos
se,th,2600,Pos
th,ph,2600,Pos
tz,nl,2600,Pos
tz,rw,2600,Pos
ae,kz,2500,Pos
au,fr,2500,Pos
au,es,2500,Pos
bd,sa,2500,Pos
ca,jm,2500,Pos
cz,pt,2500,Pos
cz,es,2500,Pos
fi,kr,2500,Pos
mx,ar,2500,Pos
ni,mx,2500,Pos
nz,fj,2500,Pos
sa,iq,2500,Pos
sa,kw,2500,Pos
sg,vn,2500,Pos
tr,ir,2500,Pos
ae,az,2400,Pos
ae,cz,2400,Pos
au,co,2400,Pos
ca,il,2400,Pos
ch,bg,2400,Pos
ch,fi,2400,Pos
ch,tn,2400,Pos
cr,cl,2400,Pos
cz,hu,2400,Pos
et,gb,2400,Pos
id,il,2400,Pos
lv,fr,2400,Pos
lv,se,2400,Pos
np,no,2400,Pos
nz,pl,2400,Pos
se,rs,2400,Pos
ae,uz,2300,Pos
be,hu,2300,Pos
de,kr,2300,Pos
dk,pk,2300,Pos
do,ar,2300,Pos
fi,br,2300,Pos
ie,jp,2300,Pos
il,za,2300,Pos
iq,cn,2300,Pos
ir,jp,2300,Pos
ir,ae,2300,Pos
my,pk,2300,Pos
ng,ke,2300,Pos
sg,za,2300,Pos
si,hr,2300,Pos
vn,jp,2300,Pos
ae,np,2200,Pos
af,ir,2200,Pos
au,my,2200,Pos
ca,dz,2200,Pos
ca,tn,2200,Pos
cy,gb,2200,Pos
dk,eg,2200,Pos
es,in,2200,Pos
hk,be,2200,Pos
ir,fr,2200,Pos
kw,it,2200,Pos
nl,pt,2200,Pos
nz,gb,2200,Pos
pl,pt,2200,Pos
qa,th,2200,Pos
sa,ng,2200,Pos
tr,eg,2200,Pos
tw,ph,2200,Pos
at,mx,2100,Pos
be,ua,2100,Pos
bo,br,2100,Pos
bo,ca,2100,Pos
ca,lb,2100,Pos
ca,za,2100,Pos
cz,rs,2100,Pos
ec,br,2100,Pos
fr,lb,2100,Pos
il,tr,2100,Pos
ke,mu,2100,Pos
pl,gr,2100,Pos
pr,do,2100,Pos
sa,it,2100,Pos
se,mx,2100,Pos
sg,bd,2100,Pos
tr,az,2100,Pos
us,cn,2100,Pos
za,zw,2100,Pos
ae,cm,2000,Pos
ae,ly,2000,Pos
ca,ma,2000,Pos
ca,sg,2000,Pos
ch,hr,2000,Pos
de,by,2000,Pos
dk,tr,2000,Pos
dk,gb,2000,Pos
es,pt,2000,Pos
gb,be,2000,Pos
hk,br,2000,Pos
id,au,2000,Pos
ke,nl,2000,Pos
lu,dk,2000,Pos
mx,in,2000,Pos
my,jp,2000,Pos
ni,hn,2000,Pos
nl,es,2000,Pos
no,th,2000,Pos
sa,nl,2000,Pos
sk,in,2000,Pos
ae,af,1900,Pos
ae,dz,1900,Pos
ae,ye,1900,Pos
au,ar,1900,Pos
be,hr,1900,Pos
ch,ar,1900,Pos
de,bd,1900,Pos
de,co,1900,Pos
de,my,1900,Pos
de,za,1900,Pos
do,it,1900,Pos
es,fr,1900,Pos
fi,pt,1900,Pos
gb,ie,1900,Pos
ke,dk,1900,Pos
ke,fr,1900,Pos
kr,my,1900,Pos
no,tr,1900,Pos
pl,ro,1900,Pos
se,eg,1900,Pos
sg,ch,1900,Pos
ar,br,1800,Pos
at,nl,1800,Pos
au,eg,1800,Pos
au,pl,1800,Pos
be,tr,1800,Pos
cz,bg,1800,Pos
de,id,1800,Pos
de,mk,1800,Pos
de,si,1800,Pos
de,th,1800,Pos
dk,cz,1800,Pos
dk,fi,1800,Pos
fi,th,1800,Pos
ie,ng,1800,Pos
it,ir,1800,Pos
my,gb,1800,Pos
ng,tr,1800,Pos
nl,hu,1800,Pos
nl,pl,1800,Pos
no,be,1800,Pos
nz,co,1800,Pos
nz,mx,1800,Pos
pt,in,1800,Pos
pt,it,1800,Pos
sa,gr,1800,Pos
sd,gb,1800,Pos
se,sa,1800,Pos
th,be,1800,Pos
th,br,1800,Pos
th,sg,1800,Pos
vn,nl,1800,Pos
ae,bg,1700,Pos
ae,hk,1700,Pos
ae,mk,1700,Pos
au,tr,1700,Pos
az,au,1700,Pos
ca,gb,1700,Pos
cy,be,1700,Pos
de,al,1700,Pos
de,jo,1700,Pos
ec,fr,1700,Pos
es,ro,1700,Pos
fr,pt,1700,Pos
gb,nl,1700,Pos
hu,tr,1700,Pos
ie,ph,1700,Pos
il,it,1700,Pos
jp,tr,1700,Pos
ma,in,1700,Pos
ng,za,1700,Pos
sa,ch,1700,Pos
se,pk,1700,Pos
se,pt,1700,Pos
sg,pk,1700,Pos
uy,co,1700,Pos
vn,id,1700,Pos
ae,ar,1600,Pos
ae,hr,1600,Pos
ae,ug,1600,Pos
be,bg,1600,Pos
bo,fr,1600,Pos
ca,kr,1600,Pos
co,gb,1600,Pos
cr,co,1600,Pos
de,sk,1600,Pos
dk,ar,1600,Pos
dz,be,1600,Pos
kh,de,1600,Pos
kh,gb,1600,Pos
kw,fr,1600,Pos
lk,my,1600,Pos
mt,au,1600,Pos
pk,no,1600,Pos
tn,ly,1600,Pos
za,fr,1600,Pos
ae,de,1500,Pos
at,th,1500,Pos
au,ng,1500,Pos
bj,ng,1500,Pos
ca,it,1500,Pos
ca,tr,1500,Pos
cl,pa,1500,Pos
de,am,1500,Pos
dk,ca,1500,Pos
dk,my,1500,Pos
dk,mx,1500,Pos
dk,pl,1500,Pos
ee,be,1500,Pos
ee,de,1500,Pos
fr,bj,1500,Pos
hk,ie,1500,Pos
ir,sg,1500,Pos
jp,be,1500,Pos
np,th,1500,Pos
nz,hk,1500,Pos
nz,hu,1500,Pos
pe,mx,1500,Pos
qa,de,1500,Pos
se,ir,1500,Pos
tr,ua,1500,Pos
tt,ca,1500,Pos
ug,tz,1500,Pos
ae,cy,1400,Pos
ae,no,1400,Pos
au,ca,1400,Pos
au,th,1400,Pos
au,ve,1400,Pos
ch,dk,1400,Pos
ch,tr,1400,Pos
de,at,1400,Pos
de,lv,1400,Pos
de,md,1400,Pos
de,ph,1400,Pos
ec,ch,1400,Pos
id,my,1400,Pos
ie,fi,1400,Pos
ie,no,1400,Pos
ie,pk,1400,Pos
jp,tw,1400,Pos
my,nl,1400,Pos
pl,eg,1400,Pos
ro,ua,1400,Pos
sa,cn,1400,Pos
sa,pt,1400,Pos
us,pr,1400,Pos
vn,hk,1400,Pos
vn,ae,1400,Pos
ae,dk,1300,Pos
ao,ae,1300,Pos
ar,es,1300,Pos
au,nl,1300,Pos
be,at,1300,Pos
be,dk,1300,Pos
cl,in,1300,Pos
co,it,1300,Pos
cz,fi,1300,Pos
de,cl,1300,Pos
de,sg,1300,Pos
dk,id,1300,Pos
dk,th,1300,Pos
eg,cn,1300,Pos
es,ua,1300,Pos
gb,cz,1300,Pos
kz,az,1300,Pos
nl,cz,1300,Pos
nl,mx,1300,Pos
nl,za,1300,Pos
no,hu,1300,Pos
no,is,1300,Pos
nz,be,1300,Pos
nz,jp,1300,Pos
nz,tr,1300,Pos
nz,vn,1300,Pos
sa,dz,1300,Pos
se,be,1300,Pos
se,hr,1300,Pos
se,ie,1300,Pos
tr,in,1300,Pos
tz,fr,1300,Pos
tz,de,1300,Pos
zw,ke,1300,Pos
ae,by,1200,Pos
ae,hu,1200,Pos
ae,mx,1200,Pos
ae,th,1200,Pos
bd,hk,1200,Pos
ca,cm,1200,Pos
ca,ie,1200,Pos
ca,kw,1200,Pos
ca,ro,1200,Pos
ch,lv,1200,Pos
ch,mx,1200,Pos
ch,nz,1200,Pos
ch,si,1200,Pos
cr,hn,1200,Pos
cr,nl,1200,Pos
cz,br,1200,Pos
de,jp,1200,Pos
de,ma,1200,Pos
et,it,1200,Pos
et,ke,1200,Pos
fr,us,1200,Pos
it,tr,1200,Pos
it,ve,1200,Pos
jo,es,1200,Pos
ke,rw,1200,Pos
kr,bd,1200,Pos
lb,gb,1200,Pos
no,at,1200,Pos
nz,qa,1200,Pos
nz,th,1200,Pos
pl,bg,1200,Pos
ro,gr,1200,Pos
sa,om,1200,Pos
sa,pl,1200,Pos
se,cz,1200,Pos
se,jp,1200,Pos
se,kr,1200,Pos
se,lb,1200,Pos
sg,om,1200,Pos
sk,it,1200,Pos
tr,jo,1200,Pos
ae,at,1100,Pos
ae,et,1100,Pos
ae,mu,1100,Pos
ae,ve,1100,Pos
au,vn,1100,Pos
bd,it,1100,Pos
ch,vn,1100,Pos
cn,in,1100,Pos
cn,it,1100,Pos
cn,kr,1100,Pos
cn,pk,1100,Pos
fr,ar,1100,Pos
gr,ua,1100,Pos
kz,tr,1100,Pos
ml,sn,1100,Pos
ng,ua,1100,Pos
nl,ar,1100,Pos
om,lk,1100,Pos
pe,cl,1100,Pos
pe,it,1100,Pos
ph,id,1100,Pos
pl,hr,1100,Pos
sa,br,1100,Pos
se,bg,1100,Pos
th,nl,1100,Pos
tr,lb,1100,Pos
tw,kr,1100,Pos
uy,fr,1100,Pos
ae,am,1000,Pos
al,fr,1000,Pos
at,ar,1000,Pos
au,lb,1000,Pos
au,mx,1000,Pos
au,ua,1000,Pos
be,rs,1000,Pos
bo,co,1000,Pos
ca,my,1000,Pos
ch,lt,1000,Pos
cm,ga,1000,Pos
cr,pe,1000,Pos
cz,hr,1000,Pos
de,ie,1000,Pos
de,se,1000,Pos
eg,gb,1000,Pos
es,tr,1000,Pos
fi,pl,1000,Pos
fr,gr,1000,Pos
fr,ua,1000,Pos
gb,mx,1000,Pos
gb,ve,1000,Pos
gh,it,1000,Pos
gh,lb,1000,Pos
hk,ph,1000,Pos
ie,il,1000,Pos
il,at,1000,Pos
jp,nl,1000,Pos
kr,ir,1000,Pos
kr,ng,1000,Pos
lb,eg,1000,Pos
lv,be,1000,Pos
ma,it,1000,Pos
ng,lb,1000,Pos
nl,eg,1000,Pos
nl,fi,1000,Pos
nl,rs,1000,Pos
no,mx,1000,Pos
no,ch,1000,Pos
ph,kr,1000,Pos
pk,gb,1000,Pos
th,tr,1000,Pos
vn,th,1000,Pos
bd,fr,900,Pos
be,lb,900,Pos
ca,co,900,Pos
ca,gh,900,Pos
ca,np,900,Pos
ca,ve,900,Pos
ca,vn,900,Pos
ch,ng,900,Pos
ch,se,900,Pos
es,hu,900,Pos
fr,br,900,Pos
fr,ve,900,Pos
gb,ua,900,Pos
hk,tr,900,Pos
ie,dk,900,Pos
ie,kr,900,Pos
il,be,900,Pos
iq,qa,900,Pos
ke,sa,900,Pos
ke,ch,900,Pos
kr,be,900,Pos
kz,au,900,Pos
kz,my,900,Pos
kz,uz,900,Pos
ma,es,900,Pos
ng,nl,900,Pos
nl,bg,900,Pos
nl,il,900,Pos
no,bg,900,Pos
pe,ec,900,Pos
pl,kr,900,Pos
sa,jp,900,Pos
sa,nz,900,Pos
sk,ca,900,Pos
tr,bg,900,Pos
tr,ma,900,Pos
ua,md,900,Pos
au,be,800,Pos
au,kr,800,Pos
au,om,800,Pos
au,pt,800,Pos
be,bj,800,Pos
be,pk,800,Pos
ca,qa,800,Pos
ca,rs,800,Pos
cl,do,800,Pos
cl,ec,800,Pos
cz,no,800,Pos
de,ng,800,Pos
de,sa,800,Pos
de,tw,800,Pos
eg,dz,800,Pos
eg,no,800,Pos
eg,ch,800,Pos
gb,il,800,Pos
ie,sk,800,Pos
in,pl,800,Pos
it,ua,800,Pos
jp,pl,800,Pos
kw,om,800,Pos
kw,pk,800,Pos
lt,ie,800,Pos
mx,co,800,Pos
nl,sy,800,Pos
no,ua,800,Pos
pa,pe,800,Pos
ph,no,800,Pos
pl,lt,800,Pos
ro,bg,800,Pos
se,id,800,Pos
se,il,800,Pos
se,za,800,Pos
tz,cn,800,Pos
uy,pe,800,Pos
vn,be,800,Pos
za,pl,800,Pos
ae,fi,700,Pos
at,cn,700,Pos
au,gr,700,Pos
au,ro,700,Pos
be,si,700,Pos
ca,gr,700,Pos
ca,om,700,Pos
ca,lk,700,Pos
ch,th,700,Pos
cn,ua,700,Pos
de,cy,700,Pos
de,lt,700,Pos
dk,za,700,Pos
eg,in,700,Pos
es,pl,700,Pos
fr,tr,700,Pos
gb,id,700,Pos
gb,lt,700,Pos
hk,il,700,Pos
hk,my,700,Pos
id,no,700,Pos
id,tw,700,Pos
jo,sy,700,Pos
mx,ca,700,Pos
my,es,700,Pos
nl,hr,700,Pos
nl,mk,700,Pos
nl,ve,700,Pos
nz,cl,700,Pos
pk,in,700,Pos
pl,mx,700,Pos
pt,za,700,Pos
pt,tr,700,Pos
sa,mx,700,Pos
sa,ma,700,Pos
sa,th,700,Pos
se,ph,700,Pos
sg,cz,700,Pos
sg,tr,700,Pos
sn,ch,700,Pos
tr,ly,700,Pos
tr,my,700,Pos
tr,tn,700,Pos
au,at,600,Pos
au,cz,600,Pos
au,pe,600,Pos
au,zw,600,Pos
bd,tr,600,Pos
be,cm,600,Pos
be,mx,600,Pos
be,pl,600,Pos
ca,be,600,Pos
ca,jo,600,Pos
ca,md,600,Pos
ch,cl,600,Pos
ch,tw,600,Pos
cl,fr,600,Pos
cl,it,600,Pos
cm,fr,600,Pos
co,in,600,Pos
de,nz,600,Pos
dk,ph,600,Pos
ec,au,600,Pos
es,ca,600,Pos
fi,hu,600,Pos
gb,fi,600,Pos
gb,ph,600,Pos
gb,tr,600,Pos
id,ng,600,Pos
il,cn,600,Pos
in,is,600,Pos
in,no,600,Pos
it,pk,600,Pos
it,rs,600,Pos
jp,fi,600,Pos
jp,hu,600,Pos
my,dz,600,Pos
nl,kr,600,Pos
nz,tw,600,Pos
sa,kr,600,Pos
se,bd,600,Pos
se,ca,600,Pos
se,co,600,Pos
se,iq,600,Pos
th,pl,600,Pos
tr,pk,600,Pos
tw,za,600,Pos
uy,mx,600,Pos
za,kw,600,Pos
ae,ge,500,Pos
al,gr,500,Pos
ar,cn,500,Pos
au,hr,500,Pos
au,gh,500,Pos
au,il,500,Pos
au,jo,500,Pos
au,ke,500,Pos
au,rs,500,Pos
au,sk,500,Pos
be,eg,500,Pos
be,ir,500,Pos
be,ma,500,Pos
be,tw,500,Pos
ca,bj,500,Pos
ca,ke,500,Pos
ca,mu,500,Pos
ca,sy,500,Pos
cl,au,500,Pos
cl,ca,500,Pos
cl,cn,500,Pos
cl,uy,500,Pos
cr,gt,500,Pos
de,gh,500,Pos
de,ir,500,Pos
de,iq,500,Pos
de,kw,500,Pos
de,no,500,Pos
de,pe,500,Pos
de,vn,500,Pos
dk,jp,500,Pos
dk,sg,500,Pos
ec,it,500,Pos
fi,mx,500,Pos
gb,ar,500,Pos
gb,hr,500,Pos
gb,md,500,Pos
gb,si,500,Pos
id,hk,500,Pos
ir,no,500,Pos
ir,ch,500,Pos
ke,se,500,Pos
ma,dz,500,Pos
mx,it,500,Pos
ng,it,500,Pos
ng,ph,500,Pos
nl,lb,500,Pos
pa,mx,500,Pos
pl,sk,500,Pos
pt,ro,500,Pos
se,pl,500,Pos
se,vn,500,Pos
sg,hu,500,Pos
tr,ba,500,Pos
tr,br,500,Pos
tr,iq,500,Pos
ae,lu,400,Pos
ae,sk,400,Pos
ae,tz,400,Pos
ar,in,400,Pos
at,sg,400,Pos
au,bg,400,Pos
au,ee,400,Pos
au,hu,400,Pos
au,iq,400,Pos
au,kw,400,Pos
au,qa,400,Pos
au,tw,400,Pos
bd,lk,400,Pos
bd,th,400,Pos
be,al,400,Pos
be,ph,400,Pos
be,sk,400,Pos
be,tn,400,Pos
br,ve,400,Pos
ca,ci,400,Pos
ca,do,400,Pos
ca,iq,400,Pos
ca,sn,400,Pos
ch,al,400,Pos
ch,id,400,Pos
cl,pt,400,Pos
cn,ng,400,Pos
cn,za,400,Pos
co,kr,400,Pos
de,cm,400,Pos
de,lk,400,Pos
dk,nz,400,Pos
es,bg,400,Pos
es,za,400,Pos
fi,fr,400,Pos
fi,hk,400,Pos
fr,bg,400,Pos
fr,md,400,Pos
fr,rs,400,Pos
fr,sy,400,Pos
gh,tg,400,Pos
hk,at,400,Pos
id,fr,400,Pos
in,fi,400,Pos
it,eg,400,Pos
jp,au,400,Pos
ke,be,400,Pos
ma,eg,400,Pos
mx,cr,400,Pos
my,cn,400,Pos
ng,ug,400,Pos
no,fi,400,Pos
no,nz,400,Pos
om,iq,400,Pos
ph,za,400,Pos
se,ee,400,Pos
se,nz,400,Pos
sg,qa,400,Pos
tr,uz,400,Pos
tw,my,400,Pos
tw,es,400,Pos
us,kr,400,Pos
us,tw,400,Pos
us,ua,400,Pos
za,br,400,Pos
za,it,400,Pos
ae,jp,300,Pos
ae,mt,300,Pos
at,dk,300,Pos
au,bh,300,Pos
be,ci,300,Pos
br,hu,300,Pos
ca,az,300,Pos
ca,hr,300,Pos
ca,ht,300,Pos
ca,kz,300,Pos
ca,tw,300,Pos
ch,co,300,Pos
ch,lb,300,Pos
ch,my,300,Pos
cl,bo,300,Pos
cm,sn,300,Pos
cn,bd,300,Pos
co,be,300,Pos
cr,ch,300,Pos
de,cr,300,Pos
de,kz,300,Pos
de,ke,300,Pos
de,ps,300,Pos
dk,cl,300,Pos
dk,hk,300,Pos
dz,es,300,Pos
eg,ye,300,Pos
es,eg,300,Pos
es,gr,300,Pos
es,is,300,Pos
es,ir,300,Pos
es,pk,300,Pos
fr,eg,300,Pos
fr,mx,300,Pos
fr,pk,300,Pos
gb,lv,300,Pos
gb,pe,300,Pos
gr,hu,300,Pos
hu,pl,300,Pos
id,br,300,Pos
id,jp,300,Pos
id,kr,300,Pos
id,th,300,Pos
ie,tw,300,Pos
it,ar,300,Pos
it,gr,300,Pos
it,md,300,Pos
ma,cn,300,Pos
ma,nl,300,Pos
mx,gt,300,Pos
mx,ph,300,Pos
mx,sg,300,Pos
my,om,300,Pos
nl,ca,300,Pos
nl,cl,300,Pos
nl,lt,300,Pos
nl,pe,300,Pos
nl,si,300,Pos
nl,tw,300,Pos
nz,ie,300,Pos
pa,de,300,Pos
ph,it,300,Pos
pk,hk,300,Pos
pl,sg,300,Pos
pt,cn,300,Pos
pt,hu,300,Pos
pt,mx,300,Pos
se,sg,300,Pos
se,sk,300,Pos
th,pk,300,Pos
tr,sk,300,Pos
vn,it,300,Pos
za,eg,300,Pos
za,id,300,Pos
ae,cl,200,Pos
ae,co,200,Pos
au,cy,200,Pos
au,lt,200,Pos
au,mu,200,Pos
be,ar,200,Pos
be,cz,200,Pos
be,fi,200,Pos
be,my,200,Pos
be,pe,200,Pos
be,sn,200,Pos
br,in,200,Pos
br,jp,200,Pos
ca,af,200,Pos
ca,al,200,Pos
ca,am,200,Pos
ca,bh,200,Pos
ca,cy,200,Pos
ca,sv,200,Pos
ca,et,200,Pos
ca,hu,200,Pos
ca,ly,200,Pos
ca,no,200,Pos
ca,pl,200,Pos
ca,pt,200,Pos
ca,th,200,Pos
ca,ug,200,Pos
ca,zw,200,Pos
ch,jo,200,Pos
ch,ph,200,Pos
cl,be,200,Pos
cn,br,200,Pos
cn,ir,200,Pos
cn,mx,200,Pos
cn,nl,200,Pos
cn,rs,200,Pos
cn,ve,200,Pos
co,do,200,Pos
co,ie,200,Pos
cr,ec,200,Pos
de,az,200,Pos
de,dk,200,Pos
de,ge,200,Pos
de,is,200,Pos
de,mt,200,Pos
eg,ua,200,Pos
es,hr,200,Pos
es,lv,200,Pos
es,lb,200,Pos
es,lt,200,Pos
es,tn,200,Pos
fr,co,200,Pos
fr,hr,200,Pos
fr,do,200,Pos
fr,hu,200,Pos
fr,tg,200,Pos
gb,al,200,Pos
gb,by,200,Pos
gb,jm,200,Pos
gb,kr,200,Pos
gb,mk,200,Pos
gb,sk,200,Pos
hk,th,200,Pos
in,bg,200,Pos
ir,am,200,Pos
it,by,200,Pos
it,hr,200,Pos
jp,eg,200,Pos
jp,lk,200,Pos
ke,es,200,Pos
mx,cl,200,Pos
mx,cu,200,Pos
mx,sv,200,Pos
my,eg,200,Pos
nl,bd,200,Pos
nl,ph,200,Pos
nl,sk,200,Pos
pe,cn,200,Pos
ph,br,200,Pos
ph,cn,200,Pos
pk,jp,200,Pos
qa,ch,200,Pos
se,is,200,Pos
se,my,200,Pos
sg,kh,200,Pos
sg,il,200,Pos
sg,lu,200,Pos
sg,pt,200,Pos
th,za,200,Pos
th,tw,200,Pos
tr,id,200,Pos
tr,kr,200,Pos
us,af,200,Pos
us,ve,200,Pos
uy,gb,200,Pos
vn,es,200,Pos
za,be,200,Pos
za,my,200,Pos
at,jp,100,Pos
at,nz,100,Pos
be,id,100,Pos
be,sa,100,Pos
ca,ar,100,Pos
ca,by,100,Pos
ca,bg,100,Pos
ca,cd,100,Pos
ca,cu,100,Pos
ca,cz,100,Pos
ca,hn,100,Pos
ca,is,100,Pos
ca,lt,100,Pos
ca,mg,100,Pos
ca,ni,100,Pos
ca,pe,100,Pos
ca,rw,100,Pos
ca,tz,100,Pos
ch,il,100,Pos
cl,ie,100,Pos
cn,bg,100,Pos
cn,cm,100,Pos
cn,cz,100,Pos
cn,gh,100,Pos
cn,kw,100,Pos
cn,no,100,Pos
cn,pl,100,Pos
cn,ro,100,Pos
cn,tr,100,Pos
co,pt,100,Pos
cz,jp,100,Pos
de,et,100,Pos
de,hk,100,Pos
de,np,100,Pos
dk,kr,100,Pos
dk,vn,100,Pos
ec,de,100,Pos
eg,ng,100,Pos
es,cn,100,Pos
es,fi,100,Pos
es,il,100,Pos
es,kr,100,Pos
es,mt,100,Pos
es,ng,100,Pos
es,rs,100,Pos
es,sk,100,Pos
es,th,100,Pos
fr,am,100,Pos
fr,cr,100,Pos
fr,lt,100,Pos
fr,np,100,Pos
fr,pe,100,Pos
fr,si,100,Pos
fr,lk,100,Pos
gb,af,100,Pos
gb,at,100,Pos
gb,cr,100,Pos
gb,ec,100,Pos
gb,ly,100,Pos
gb,sy,100,Pos
gr,cn,100,Pos
hk,qa,100,Pos
id,es,100,Pos
ie,th,100,Pos
il,th,100,Pos
in,jp,100,Pos
in,ro,100,Pos
it,dz,100,Pos
it,az,100,Pos
it,kr,100,Pos
it,lv,100,Pos
it,lb,100,Pos
it,my,100,Pos
it,tw,100,Pos
it,tn,100,Pos
jp,no,100,Pos
jp,ch,100,Pos
ke,cn,100,Pos
ma,ch,100,Pos
mx,il,100,Pos
mx,my,100,Pos
mx,th,100,Pos
my,ie,100,Pos
ng,pk,100,Pos
ng,sg,100,Pos
nl,co,100,Pos
nl,cy,100,Pos
nl,ec,100,Pos
nl,gh,100,Pos
nl,hk,100,Pos
nl,id,100,Pos
nl,jo,100,Pos
nl,kz,100,Pos
nl,om,100,Pos
nl,pk,100,Pos
no,my,100,Pos
pe,do,100,Pos
ph,tr,100,Pos
ro,tr,100,Pos
sa,sg,100,Pos
se,lt,100,Pos
se,tw,100,Pos
th,lk,100,Pos
tr,by,100,Pos
tr,lt,100,Pos
us,cu,100,Pos
us,jm,100,Pos
us,md,100,Pos
za,mu,100,Pos
za,mx,100,Pos
za,pk,100,Pos
ae,se,0,Pos
ae,tw,0,Pos
al,tr,0,Pos
am,gb,0,Pos
au,az,0,Pos
au,fi,0,Pos
au,mt,0,Pos
au,sg,0,Pos
be,cn,0,Pos
be,mt,0,Pos
bh,my,0,Pos
bh,om,0,Pos
br,bo,0,Pos
br,cz,0,Pos
br,kr,0,Pos
br,my,0,Pos
br,mt,0,Pos
br,mz,0,Pos
br,no,0,Pos
br,ph,0,Pos
by,cz,0,Pos
ca,bs,0,Pos
ca,fi,0,Pos
ca,gt,0,Pos
ca,sk,0,Pos
ca,tt,0,Pos
ch,kr,0,Pos
cl,se,0,Pos
cn,dz,0,Pos
cn,at,0,Pos
cn,by,0,Pos
cn,be,0,Pos
cn,co,0,Pos
cn,gr,0,Pos
cn,hu,0,Pos
cn,ke,0,Pos
cn,ma,0,Pos
cn,qa,0,Pos
cn,lk,0,Pos
cn,tz,0,Pos
cn,zm,0,Pos
co,cn,0,Pos
co,sv,0,Pos
co,gt,0,Pos
cz,by,0,Pos
cz,pl,0,Pos
de,dz,0,Pos
de,ec,0,Pos
de,ee,0,Pos
de,pa,0,Pos
de,ug,0,Pos
de,uy,0,Pos
dz,tn,0,Pos
es,dz,0,Pos
es,ke,0,Pos
es,ph,0,Pos
es,vn,0,Pos
fi,sg,0,Pos
fr,al,0,Pos
fr,az,0,Pos
fr,cm,0,Pos
fr,cy,0,Pos
fr,fi,0,Pos
fr,ge,0,Pos
fr,is,0,Pos
fr,jo,0,Pos
fr,lv,0,Pos
fr,om,0,Pos
fr,ph,0,Pos
fr,sk,0,Pos
fr,tw,0,Pos
fr,tz,0,Pos
fr,uy,0,Pos
gb,dz,0,Pos
gb,am,0,Pos
gb,ba,0,Pos
gb,kh,0,Pos
gb,cy,0,Pos
gb,do,0,Pos
gb,ee,0,Pos
gb,et,0,Pos
gb,ge,0,Pos
gb,lb,0,Pos
gb,sn,0,Pos
gb,rs,0,Pos
gb,sd,0,Pos
gb,tn,0,Pos
gb,uy,0,Pos
gh,ke,0,Pos
gt,co,0,Pos
hk,jp,0,Pos
hk,mx,0,Pos
hk,se,0,Pos
id,ao,0,Pos
id,kh,0,Pos
id,it,0,Pos
ie,vn,0,Pos
in,al,0,Pos
in,eg,0,Pos
in,jo,0,Pos
in,mw,0,Pos
in,pg,0,Pos
in,sk,0,Pos
in,ua,0,Pos
in,ye,0,Pos
is,fr,0,Pos
it,cr,0,Pos
it,et,0,Pos
it,id,0,Pos
it,sk,0,Pos
it,vn,0,Pos
jp,hk,0,Pos
ke,gh,0,Pos
kh,id,0,Pos
kr,qa,0,Pos
kr,ch,0,Pos
kr,th,0,Pos
mx,bo,0,Pos
mx,fi,0,Pos
mx,hn,0,Pos
mx,hk,0,Pos
mx,jp,0,Pos
mx,kr,0,Pos
mx,pa,0,Pos
mx,uy,0,Pos
my,bh,0,Pos
my,no,0,Pos
ng,eg,0,Pos
nl,al,0,Pos
nl,pa,0,Pos
no,sg,0,Pos
om,bh,0,Pos
pe,bo,0,Pos
pe,ch,0,Pos
ph,es,0,Pos
pl,cz,0,Pos
qa,kr,0,Pos
se,af,0,Pos
se,at,0,Pos
se,cl,0,Pos
se,hk,0,Pos
se,ae,0,Pos
sg,fi,0,Pos
sg,no,0,Pos
th,kr,0,Pos
tn,dz,0,Pos
tr,al,0,Pos
tr,mk,0,Pos
tr,ro,0,Pos
tr,za,0,Pos
us,am,0,Pos
us,by,0,Pos
us,do,0,Pos
us,sv,0,Pos
us,il,0,Pos
us,mk,0,Pos
us,mt,0,Pos
us,np,0,Pos
us,sn,0,Pos
us,tg,0,Pos
us,uz,0,Pos
us,ye,0,Pos
uy,de,0,Pos
vn,ie,0,Pos
za,at,0,Pos
za,kr,0,Pos
za,tr,0,Pos
zm,cn,0,Pos
ae,ao,-100,Neg
ar,at,-100,Neg
ar,be,-100,Neg
at,za,-100,Neg
at,se,-100,Neg
au,ec,-100,Neg
au,jp,-100,Neg
au,kz,-100,Neg
au,lu,-100,Neg
au,mn,-100,Neg
be,cy,-100,Neg
be,ee,-100,Neg
be,lv,-100,Neg
br,al,-100,Neg
br,cn,-100,Neg
br,cr,-100,Neg
br,do,-100,Neg
br,ec,-100,Neg
br,fi,-100,Neg
br,hk,-100,Neg
br,id,-100,Neg
br,lu,-100,Neg
br,qa,-100,Neg
br,sa,-100,Neg
br,za,-100,Neg
br,th,-100,Neg
br,tr,-100,Neg
ca,ao,-100,Neg
ca,bo,-100,Neg
ca,kh,-100,Neg
ca,cl,-100,Neg
ca,cr,-100,Neg
ca,nl,-100,Neg
ca,se,-100,Neg
ch,cr,-100,Neg
ch,jp,-100,Neg
ch,ma,-100,Neg
ch,pe,-100,Neg
ch,qa,-100,Neg
ch,sn,-100,Neg
cn,ao,-100,Neg
cn,kh,-100,Neg
cn,cl,-100,Neg
cn,iq,-100,Neg
cn,il,-100,Neg
cn,lu,-100,Neg
cn,my,-100,Neg
cn,om,-100,Neg
cn,pe,-100,Neg
cn,ph,-100,Neg
cn,pt,-100,Neg
cn,es,-100,Neg
co,bo,-100,Neg
co,nl,-100,Neg
co,ch,-100,Neg
co,ae,-100,Neg
de,kh,-100,Neg
de,na,-100,Neg
de,tz,-100,Neg
dk,at,-100,Neg
dz,de,-100,Neg
ec,cr,-100,Neg
es,cy,-100,Neg
es,ee,-100,Neg
es,id,-100,Neg
es,jo,-100,Neg
es,ma,-100,Neg
es,si,-100,Neg
es,tw,-100,Neg
fr,bh,-100,Neg
fr,bd,-100,Neg
fr,bo,-100,Neg
fr,et,-100,Neg
fr,iq,-100,Neg
fr,kw,-100,Neg
fr,mt,-100,Neg
fr,mm,-100,Neg
gb,bs,-100,Neg
gb,eg,-100,Neg
gb,is,-100,Neg
gb,mn,-100,Neg
gb,om,-100,Neg
gb,pa,-100,Neg
gb,tt,-100,Neg
gb,ps,-100,Neg
gr,al,-100,Neg
id,be,-100,Neg
id,om,-100,Neg
id,ch,-100,Neg
ie,lt,-100,Neg
in,dz,-100,Neg
in,ao,-100,Neg
in,ar,-100,Neg
in,bd,-100,Neg
in,bw,-100,Neg
in,br,-100,Neg
in,kh,-100,Neg
in,cm,-100,Neg
in,cl,-100,Neg
in,co,-100,Neg
in,cd,-100,Neg
in,ci,-100,Neg
in,gr,-100,Neg
in,kz,-100,Neg
in,lt,-100,Neg
in,mu,-100,Neg
in,ma,-100,Neg
in,mz,-100,Neg
in,pk,-100,Neg
in,pt,-100,Neg
in,rw,-100,Neg
in,sd,-100,Neg
it,bd,-100,Neg
it,cy,-100,Neg
it,do,-100,Neg
it,ec,-100,Neg
it,ee,-100,Neg
it,gh,-100,Neg
it,iq,-100,Neg
it,jo,-100,Neg
it,kw,-100,Neg
it,lt,-100,Neg
it,ma,-100,Neg
it,ng,-100,Neg
it,ph,-100,Neg
it,si,-100,Neg
jp,at,-100,Neg
jp,cz,-100,Neg
jp,mx,-100,Neg
mx,ni,-100,Neg
mx,pl,-100,Neg
mx,pt,-100,Neg
mx,za,-100,Neg
ng,bj,-100,Neg
nl,az,-100,Neg
nl,cr,-100,Neg
nl,ee,-100,Neg
nl,ma,-100,Neg
no,jp,-100,Neg
nz,at,-100,Neg
pe,be,-100,Neg
pe,pa,-100,Neg
pe,uy,-100,Neg
ph,fr,-100,Neg
ph,ch,-100,Neg
pk,kw,-100,Neg
pk,nl,-100,Neg
pk,ng,-100,Neg
pk,za,-100,Neg
pk,th,-100,Neg
pl,hu,-100,Neg
sg,au,-100,Neg
sg,ng,-100,Neg
sg,sa,-100,Neg
th,il,-100,Neg
tr,bd,-100,Neg
tr,cn,-100,Neg
tr,kz,-100,Neg
tr,ph,-100,Neg
tw,fr,-100,Neg
tw,ae,-100,Neg
us,al,-100,Neg
us,dz,-100,Neg
us,at,-100,Neg
us,az,-100,Neg
us,bs,-100,Neg
us,bh,-100,Neg
us,bj,-100,Neg
us,bo,-100,Neg
us,ba,-100,Neg
us,bw,-100,Neg
us,bf,-100,Neg
us,cm,-100,Neg
us,ci,-100,Neg
us,cy,-100,Neg
us,ee,-100,Neg
us,fj,-100,Neg
us,fr,-100,Neg
us,ga,-100,Neg
us,ht,-100,Neg
us,hn,-100,Neg
us,is,-100,Neg
us,kz,-100,Neg
us,lv,-100,Neg
us,ly,-100,Neg
us,lt,-100,Neg
us,lu,-100,Neg
us,mg,-100,Neg
us,ml,-100,Neg
us,mu,-100,Neg
us,mn,-100,Neg
us,ni,-100,Neg
us,pt,-100,Neg
us,rw,-100,Neg
us,si,-100,Neg
us,sy,-100,Neg
us,tt,-100,Neg
us,tn,-100,Neg
us,ps,-100,Neg
za,th,-100,Neg
ar,ca,-200,Neg
au,cl,-200,Neg
au,tz,-200,Neg
be,ke,-200,Neg
br,at,-200,Neg
br,py,-200,Neg
br,uy,-200,Neg
ca,bf,-200,Neg
ca,dk,-200,Neg
ca,lu,-200,Neg
cl,dk,-200,Neg
cl,ae,-200,Neg
cn,ar,-200,Neg
cn,az,-200,Neg
cn,eg,-200,Neg
cn,et,-200,Neg
cn,mn,-200,Neg
cn,np,-200,Neg
cn,sa,-200,Neg
cn,ug,-200,Neg
co,cr,-200,Neg
co,uy,-200,Neg
cr,it,-200,Neg
de,af,-200,Neg
de,om,-200,Neg
de,qa,-200,Neg
dk,lu,-200,Neg
ec,nl,-200,Neg
eg,jp,-200,Neg
eg,lb,-200,Neg
eg,my,-200,Neg
es,af,-200,Neg
es,ao,-200,Neg
es,kw,-200,Neg
es,my,-200,Neg
es,om,-200,Neg
fr,cl,-200,Neg
fr,ec,-200,Neg
fr,ee,-200,Neg
fr,ht,-200,Neg
fr,id,-200,Neg
fr,ke,-200,Neg
gb,dk,-200,Neg
gb,jo,-200,Neg
gb,my,-200,Neg
gb,ma,-200,Neg
gb,nz,-200,Neg
gb,pk,-200,Neg
gb,rw,-200,Neg
gb,tw,-200,Neg
gb,uz,-200,Neg
id,af,-200,Neg
id,nl,-200,Neg
id,za,-200,Neg
id,tr,-200,Neg
ie,cl,-200,Neg
ie,my,-200,Neg
il,sg,-200,Neg
il,ch,-200,Neg
in,af,-200,Neg
in,at,-200,Neg
in,et,-200,Neg
in,ge,-200,Neg
in,gh,-200,Neg
in,ir,-200,Neg
in,iq,-200,Neg
in,il,-200,Neg
in,lu,-200,Neg
in,tr,-200,Neg
in,ug,-200,Neg
ir,af,-200,Neg
it,ao,-200,Neg
it,cl,-200,Neg
it,il,-200,Neg
it,za,-200,Neg
kr,dk,-200,Neg
kr,mx,-200,Neg
kr,za,-200,Neg
lk,th,-200,Neg
mx,at,-200,Neg
mx,be,-200,Neg
mx,no,-200,Neg
mx,sa,-200,Neg
mx,ch,-200,Neg
my,be,-200,Neg
my,br,-200,Neg
my,kz,-200,Neg
my,mx,-200,Neg
my,se,-200,Neg
my,ch,-200,Neg
my,tw,-200,Neg
nl,at,-200,Neg
nl,lv,-200,Neg
nl,np,-200,Neg
nl,tz,-200,Neg
nl,th,-200,Neg
no,br,-200,Neg
pe,cr,-200,Neg
pt,sg,-200,Neg
qa,hk,-200,Neg
rs,gb,-200,Neg
sa,be,-200,Neg
se,lv,-200,Neg
sg,at,-200,Neg
th,hk,-200,Neg
th,ie,-200,Neg
tr,hk,-200,Neg
tr,hu,-200,Neg
tr,sg,-200,Neg
tw,th,-200,Neg
us,be,-200,Neg
us,bg,-200,Neg
us,kh,-200,Neg
us,fi,-200,Neg
us,gt,-200,Neg
us,jo,-200,Neg
us,mm,-200,Neg
us,na,-200,Neg
us,om,-200,Neg
us,pg,-200,Neg
us,py,-200,Neg
us,rs,-200,Neg
us,sg,-200,Neg
us,sk,-200,Neg
us,es,-200,Neg
us,vn,-200,Neg
vn,dk,-200,Neg
za,om,-200,Neg
za,tw,-200,Neg
ar,bo,-300,Neg
ar,do,-300,Neg
au,zm,-300,Neg
be,cl,-300,Neg
bo,pe,-300,Neg
br,af,-300,Neg
br,dk,-300,Neg
br,il,-300,Neg
br,pl,-300,Neg
cl,nz,-300,Neg
cl,ch,-300,Neg
cn,kz,-300,Neg
co,se,-300,Neg
dk,mt,-300,Neg
eg,ma,-300,Neg
es,cz,-300,Neg
fi,au,-300,Neg
fr,kz,-300,Neg
fr,pa,-300,Neg
gb,az,-300,Neg
gb,cm,-300,Neg
gb,ci,-300,Neg
gb,mu,-300,Neg
gb,np,-300,Neg
gb,lk,-300,Neg
hk,fi,-300,Neg
hu,cn,-300,Neg
ie,nz,-300,Neg
in,cz,-300,Neg
in,hu,-300,Neg
in,mm,-300,Neg
in,tw,-300,Neg
in,vn,-300,Neg
in,zm,-300,Neg
iq,om,-300,Neg
it,bg,-300,Neg
it,kz,-300,Neg
it,pe,-300,Neg
it,tz,-300,Neg
ke,et,-300,Neg
ke,zw,-300,Neg
kr,es,-300,Neg
mx,cn,-300,Neg
mx,dk,-300,Neg
mx,do,-300,Neg
mx,nz,-300,Neg
mx,pr,-300,Neg
my,hk,-300,Neg
my,it,-300,Neg
my,ye,-300,Neg
ng,cy,-300,Neg
nl,kh,-300,Neg
nl,iq,-300,Neg
nl,jp,-300,Neg
nl,ug,-300,Neg
nl,vn,-300,Neg
ph,be,-300,Neg
ph,kh,-300,Neg
ph,dk,-300,Neg
ph,hk,-300,Neg
pt,co,-300,Neg
se,ke,-300,Neg
sk,fr,-300,Neg
th,bd,-300,Neg
tr,af,-300,Neg
tr,pt,-300,Neg
tr,th,-300,Neg
tw,ie,-300,Neg
tw,se,-300,Neg
ua,eg,-300,Neg
us,cr,-300,Neg
us,hr,-300,Neg
us,cz,-300,Neg
us,dk,-300,Neg
us,ge,-300,Neg
us,hu,-300,Neg
us,kw,-300,Neg
us,lb,-300,Neg
us,mx,-300,Neg
us,mz,-300,Neg
us,nl,-300,Neg
us,no,-300,Neg
us,pa,-300,Neg
us,uy,-300,Neg
za,bh,-300,Neg
za,dk,-300,Neg
za,et,-300,Neg
za,ph,-300,Neg
za,pt,-300,Neg
be,il,-400,Neg
be,kr,-400,Neg
be,lt,-400,Neg
be,za,-400,Neg
be,vn,-400,Neg
br,ar,-400,Neg
br,be,-400,Neg
br,fr,-400,Neg
br,pa,-400,Neg
br,sg,-400,Neg
ca,at,-400,Neg
ca,ec,-400,Neg
ca,jp,-400,Neg
ca,nz,-400,Neg
ca,pa,-400,Neg
ca,es,-400,Neg
ch,mt,-400,Neg
cl,cr,-400,Neg
cn,af,-400,Neg
cn,fi,-400,Neg
cn,ie,-400,Neg
do,pe,-400,Neg
dz,cn,-400,Neg
es,sv,-400,Neg
fr,ir,-400,Neg
fr,mg,-400,Neg
gb,co,-400,Neg
gb,ga,-400,Neg
gb,lu,-400,Neg
gb,mz,-400,Neg
gb,mm,-400,Neg
gb,na,-400,Neg
gb,ug,-400,Neg
gt,ca,-400,Neg
hk,dk,-400,Neg
id,mm,-400,Neg
id,se,-400,Neg
id,vn,-400,Neg
ie,mt,-400,Neg
in,cn,-400,Neg
in,id,-400,Neg
in,kr,-400,Neg
in,ph,-400,Neg
in,za,-400,Neg
in,lk,-400,Neg
it,jp,-400,Neg
it,ke,-400,Neg
it,mx,-400,Neg
it,pa,-400,Neg
it,pt,-400,Neg
it,sn,-400,Neg
it,th,-400,Neg
jp,pk,-400,Neg
mx,ec,-400,Neg
mx,fr,-400,Neg
mx,ae,-400,Neg
my,za,-400,Neg
my,lk,-400,Neg
ng,es,-400,Neg
nl,af,-400,Neg
nl,cn,-400,Neg
nl,et,-400,Neg
nl,ke,-400,Neg
nl,ng,-400,Neg
no,ee,-400,Neg
no,lv,-400,Neg
nz,no,-400,Neg
ph,nl,-400,Neg
ph,ng,-400,Neg
ro,cn,-400,Neg
sg,pl,-400,Neg
sn,cm,-400,Neg
sn,ml,-400,Neg
sv,co,-400,Neg
th,np,-400,Neg
tr,mt,-400,Neg
tr,nz,-400,Neg
us,ao,-400,Neg
us,cd,-400,Neg
us,et,-400,Neg
us,gr,-400,Neg
us,iq,-400,Neg
us,ie,-400,Neg
us,jp,-400,Neg
us,mw,-400,Neg
us,pl,-400,Neg
us,qa,-400,Neg
us,ro,-400,Neg
us,lk,-400,Neg
us,sd,-400,Neg
us,ch,-400,Neg
za,se,-400,Neg
ar,it,-500,Neg
ar,uy,-500,Neg
au,af,-500,Neg
bo,mx,-500,Neg
br,pe,-500,Neg
ca,mx,-500,Neg
cn,al,-500,Neg
cn,mm,-500,Neg
co,fr,-500,Neg
cz,be,-500,Neg
cz,mt,-500,Neg
dk,ee,-500,Neg
dz,gb,-500,Neg
es,hn,-500,Neg
es,nz,-500,Neg
es,ni,-500,Neg
es,py,-500,Neg
es,pr,-500,Neg
fi,ca,-500,Neg
fr,af,-500,Neg
fr,gh,-500,Neg
fr,kr,-500,Neg
gb,gh,-500,Neg
gb,iq,-500,Neg
hk,de,-500,Neg
hu,gr,-500,Neg
id,dk,-500,Neg
in,be,-500,Neg
in,mx,-500,Neg
in,es,-500,Neg
it,af,-500,Neg
it,fi,-500,Neg
it,hu,-500,Neg
it,sa,-500,Neg
kr,it,-500,Neg
lk,cn,-500,Neg
lk,jp,-500,Neg
lk,om,-500,Neg
mx,ie,-500,Neg
mx,pe,-500,Neg
my,kw,-500,Neg
ng,kr,-500,Neg
nl,mt,-500,Neg
nl,qa,-500,Neg
no,cn,-500,Neg
pa,nl,-500,Neg
pe,ca,-500,Neg
pe,fr,-500,Neg
ph,se,-500,Neg
pl,fi,-500,Neg
pl,th,-500,Neg
sa,ke,-500,Neg
sg,se,-500,Neg
tr,ge,-500,Neg
tr,jp,-500,Neg
tr,ch,-500,Neg
ug,de,-500,Neg
us,nz,-500,Neg
us,ph,-500,Neg
us,th,-500,Neg
za,gh,-500,Neg
za,mw,-500,Neg
ae,vn,-600,Neg
af,se,-600,Neg
ar,dk,-600,Neg
at,hk,-600,Neg
au,kh,-600,Neg
au,fj,-600,Neg
au,mm,-600,Neg
au,ch,-600,Neg
be,dz,-600,Neg
be,co,-600,Neg
br,co,-600,Neg
br,se,-600,Neg
ca,sa,-600,Neg
ch,ir,-600,Neg
ch,ke,-600,Neg
cl,mx,-600,Neg
cl,nl,-600,Neg
co,nz,-600,Neg
dk,de,-600,Neg
dk,lt,-600,Neg
dz,it,-600,Neg
dz,ma,-600,Neg
es,gt,-600,Neg
es,hk,-600,Neg
es,jp,-600,Neg
fi,be,-600,Neg
fi,es,-600,Neg
fr,bf,-600,Neg
gb,ao,-600,Neg
gb,bh,-600,Neg
gb,bd,-600,Neg
gb,cl,-600,Neg
gb,cd,-600,Neg
gb,mt,-600,Neg
gb,zw,-600,Neg
ge,fr,-600,Neg
gt,cr,-600,Neg
ie,co,-600,Neg
il,cy,-600,Neg
il,hk,-600,Neg
in,ke,-600,Neg
in,np,-600,Neg
in,ch,-600,Neg
ir,kr,-600,Neg
it,nz,-600,Neg
it,ro,-600,Neg
jp,dk,-600,Neg
jp,ae,-600,Neg
lk,bd,-600,Neg
mx,se,-600,Neg
ng,cm,-600,Neg
nl,my,-600,Neg
nl,sa,-600,Neg
no,cz,-600,Neg
no,np,-600,Neg
nz,dk,-600,Neg
pe,nl,-600,Neg
ph,mt,-600,Neg
ph,om,-600,Neg
pl,jp,-600,Neg
pt,cl,-600,Neg
ro,pt,-600,Neg
sg,dk,-600,Neg
tr,il,-600,Neg
tr,kw,-600,Neg
tr,no,-600,Neg
tr,om,-600,Neg
us,hk,-600,Neg
us,ma,-600,Neg
us,zm,-600,Neg
za,il,-600,Neg
ar,ch,-700,Neg
be,nz,-700,Neg
be,qa,-700,Neg
cn,vn,-700,Neg
dk,ie,-700,Neg
eg,be,-700,Neg
eg,za,-700,Neg
eg,sy,-700,Neg
es,uy,-700,Neg
fr,kh,-700,Neg
fr,cz,-700,Neg
fr,my,-700,Neg
fr,ng,-700,Neg
fr,no,-700,Neg
fr,za,-700,Neg
gb,kw,-700,Neg
gb,no,-700,Neg
gb,tz,-700,Neg
hk,nl,-700,Neg
hk,pk,-700,Neg
id,ph,-700,Neg
il,mx,-700,Neg
il,es,-700,Neg
in,it,-700,Neg
in,tz,-700,Neg
in,th,-700,Neg
ir,be,-700,Neg
it,al,-700,Neg
it,co,-700,Neg
it,hk,-700,Neg
it,qa,-700,Neg
kr,br,-700,Neg
mk,tr,-700,Neg
my,mu,-700,Neg
ng,ao,-700,Neg
ng,ci,-700,Neg
ng,ch,-700,Neg
nl,nz,-700,Neg
no,ir,-700,Neg
nz,se,-700,Neg
om,fr,-700,Neg
pe,de,-700,Neg
ph,ie,-700,Neg
ph,mx,-700,Neg
pk,be,-700,Neg
pk,ie,-700,Neg
pl,se,-700,Neg
pt,fi,-700,Neg
qa,cn,-700,Neg
qa,iq,-700,Neg
se,lu,-700,Neg
se,ch,-700,Neg
tr,at,-700,Neg
tr,et,-700,Neg
tw,it,-700,Neg
tw,nz,-700,Neg
ua,az,-700,Neg
us,se,-700,Neg
us,ug,-700,Neg
za,es,-700,Neg
ao,id,-800,Neg
ar,cr,-800,Neg
ar,il,-800,Neg
ar,ae,-800,Neg
bd,nl,-800,Neg
be,jp,-800,Neg
br,ao,-800,Neg
de,ae,-800,Neg
es,ar,-800,Neg
es,sg,-800,Neg
fi,no,-800,Neg
fr,ao,-800,Neg
fr,dk,-800,Neg
fr,ml,-800,Neg
fr,sa,-800,Neg
fr,th,-800,Neg
gb,kz,-800,Neg
gb,mw,-800,Neg
gb,vn,-800,Neg
in,dk,-800,Neg
kr,tr,-800,Neg
lt,se,-800,Neg
mt,be,-800,Neg
my,jo,-800,Neg
ng,tz,-800,Neg
nl,sg,-800,Neg
no,lt,-800,Neg
ph,tw,-800,Neg
pk,es,-800,Neg
pl,be,-800,Neg
pl,cn,-800,Neg
pl,qa,-800,Neg
th,at,-800,Neg
th,qa,-800,Neg
th,es,-800,Neg
tr,dk,-800,Neg
tr,fi,-800,Neg
ua,gr,-800,Neg
ua,no,-800,Neg
us,ar,-800,Neg
us,bd,-800,Neg
us,ca,-800,Neg
us,ec,-800,Neg
za,cm,-800,Neg
za,jp,-800,Neg
za,sg,-800,Neg
be,th,-900,Neg
br,ae,-900,Neg
ca,au,-900,Neg
ch,eg,-900,Neg
ch,no,-900,Neg
cn,th,-900,Neg
dk,qa,-900,Neg
fi,ee,-900,Neg
fr,mu,-900,Neg
fr,qa,-900,Neg
fr,sn,-900,Neg
hu,fi,-900,Neg
jo,fr,-900,Neg
jo,ch,-900,Neg
kz,nl,-900,Neg
mx,au,-900,Neg
my,kr,-900,Neg
pk,sg,-900,Neg
pk,tr,-900,Neg
th,mx,-900,Neg
th,ch,-900,Neg
th,vn,-900,Neg
tn,gb,-900,Neg
tr,ng,-900,Neg
tw,ch,-900,Neg
us,pe,-900,Neg
us,tz,-900,Neg
za,ng,-900,Neg
za,ch,-900,Neg
za,tz,-900,Neg
al,nl,-1000,Neg
be,hk,-1000,Neg
be,no,-1000,Neg
br,it,-1000,Neg
br,nl,-1000,Neg
br,nz,-1000,Neg
cl,pe,-1000,Neg
cn,dk,-1000,Neg
cn,ch,-1000,Neg
cz,ca,-1000,Neg
es,be,-1000,Neg
es,cu,-1000,Neg
es,no,-1000,Neg
fr,at,-1000,Neg
gb,ca,-1000,Neg
gb,th,-1000,Neg
hu,pt,-1000,Neg
it,no,-1000,Neg
jp,id,-1000,Neg
kr,sa,-1000,Neg
mx,nl,-1000,Neg
nl,dk,-1000,Neg
no,eg,-1000,Neg
ph,th,-1000,Neg
pk,fr,-1000,Neg
pt,at,-1000,Neg
th,id,-1000,Neg
th,sa,-1000,Neg
tr,be,-1000,Neg
tr,cz,-1000,Neg
tw,be,-1000,Neg
us,gh,-1000,Neg
us,it,-1000,Neg
us,tr,-1000,Neg
us,zw,-1000,Neg
vn,mm,-1000,Neg
vn,se,-1000,Neg
za,ug,-1000,Neg
ar,py,-1100,Neg
br,cl,-1100,Neg
br,mx,-1100,Neg
br,ch,-1100,Neg
ca,ch,-1100,Neg
ch,ec,-1100,Neg
cn,id,-1100,Neg
do,gb,-1100,Neg
eg,at,-1100,Neg
eg,sd,-1100,Neg
es,cr,-1100,Neg
fr,pl,-1100,Neg
gb,jp,-1100,Neg
gh,nl,-1100,Neg
hk,bd,-1100,Neg
id,nz,-1100,Neg
il,ie,-1100,Neg
in,hk,-1100,Neg
in,ng,-1100,Neg
ir,de,-1100,Neg
ke,de,-1100,Neg
kr,ie,-1100,Neg
kr,tw,-1100,Neg
lk,fr,-1100,Neg
ma,be,-1100,Neg
my,dk,-1100,Neg
my,sd,-1100,Neg
my,tr,-1100,Neg
ng,ie,-1100,Neg
om,kw,-1100,Neg
om,nl,-1100,Neg
ph,pg,-1100,Neg
ph,vn,-1100,Neg
pt,ca,-1100,Neg
th,fi,-1100,Neg
tr,gr,-1100,Neg
ua,in,-1100,Neg
ve,cn,-1100,Neg
za,cn,-1100,Neg
au,no,-1200,Neg
au,se,-1200,Neg
be,se,-1200,Neg
ca,hk,-1200,Neg
cn,se,-1200,Neg
cr,fr,-1200,Neg
cz,cn,-1200,Neg
cz,sg,-1200,Neg
dk,ke,-1200,Neg
eg,es,-1200,Neg
es,at,-1200,Neg
et,de,-1200,Neg
fi,jp,-1200,Neg
gr,rs,-1200,Neg
ie,hk,-1200,Neg
ir,cn,-1200,Neg
it,sg,-1200,Neg
jp,sa,-1200,Neg
lb,ch,-1200,Neg
ma,sa,-1200,Neg
nl,no,-1200,Neg
np,de,-1200,Neg
pt,cz,-1200,Neg
tr,dz,-1200,Neg
tr,pl,-1200,Neg
ve,ae,-1200,Neg
za,af,-1200,Neg
ar,ec,-1300,Neg
ar,nl,-1300,Neg
ar,pa,-1300,Neg
at,lu,-1300,Neg
bd,kr,-1300,Neg
bd,se,-1300,Neg
co,mx,-1300,Neg
dk,ch,-1300,Neg
eg,pl,-1300,Neg
gb,bw,-1300,Neg
gb,se,-1300,Neg
hk,vn,-1300,Neg
hr,si,-1300,Neg
ir,fi,-1300,Neg
jp,nz,-1300,Neg
kr,co,-1300,Neg
kr,pl,-1300,Neg
my,vn,-1300,Neg
ng,id,-1300,Neg
nz,pg,-1300,Neg
nz,sa,-1300,Neg
pk,se,-1300,Neg
pl,sa,-1300,Neg
pt,sa,-1300,Neg
sg,mx,-1300,Neg
th,nz,-1300,Neg
tr,qa,-1300,Neg
ua,ge,-1300,Neg
us,cl,-1300,Neg
us,my,-1300,Neg
us,pk,-1300,Neg
au,id,-1400,Neg
bg,ca,-1400,Neg
by,cn,-1400,Neg
dz,eg,-1400,Neg
es,bo,-1400,Neg
es,lu,-1400,Neg
fr,es,-1400,Neg
gb,ch,-1400,Neg
hu,jp,-1400,Neg
hu,sg,-1400,Neg
id,qa,-1400,Neg
ie,lu,-1400,Neg
il,se,-1400,Neg
ir,es,-1400,Neg
jo,nl,-1400,Neg
kr,id,-1400,Neg
lb,bh,-1400,Neg
my,kh,-1400,Neg
my,th,-1400,Neg
no,ie,-1400,Neg
nz,ch,-1400,Neg
pk,dk,-1400,Neg
sa,bd,-1400,Neg
se,mt,-1400,Neg
sg,th,-1400,Neg
tw,nl,-1400,Neg
us,eg,-1400,Neg
au,nz,-1500,Neg
ch,pa,-1500,Neg
dk,is,-1500,Neg
dz,my,-1500,Neg
es,nl,-1500,Neg
es,qa,-1500,Neg
fi,cz,-1500,Neg
fr,il,-1500,Neg
fr,nz,-1500,Neg
fr,vn,-1500,Neg
it,cn,-1500,Neg
it,cz,-1500,Neg
ma,sn,-1500,Neg
my,qa,-1500,Neg
ng,de,-1500,Neg
no,de,-1500,Neg
ph,mm,-1500,Neg
pk,iq,-1500,Neg
pl,dk,-1500,Neg
qa,sg,-1500,Neg
rs,es,-1500,Neg
ar,ie,-1600,Neg
au,dk,-1600,Neg
ec,gb,-1600,Neg
eg,om,-1600,Neg
id,de,-1600,Neg
id,sa,-1600,Neg
id,ae,-1600,Neg
ie,qa,-1600,Neg
kh,sg,-1600,Neg
kr,fi,-1600,Neg
kw,cn,-1600,Neg
no,ca,-1600,Neg
pe,au,-1600,Neg
pk,fi,-1600,Neg
pl,ca,-1600,Neg
pt,qa,-1600,Neg
ro,fi,-1600,Neg
tn,be,-1600,Neg
tr,fr,-1600,Neg
tz,ug,-1600,Neg
cn,ae,-1700,Neg
eg,jo,-1700,Neg
es,dk,-1700,Neg
es,pa,-1700,Neg
gr,bg,-1700,Neg
in,fr,-1700,Neg
in,se,-1700,Neg
jp,vn,-1700,Neg
lb,gh,-1700,Neg
nl,au,-1700,Neg
nl,lu,-1700,Neg
sg,ir,-1700,Neg
sy,jo,-1700,Neg
tw,jp,-1700,Neg
ua,ng,-1700,Neg
ua,ro,-1700,Neg
us,de,-1700,Neg
vn,nz,-1700,Neg
vn,ch,-1700,Neg
ae,ir,-1800,Neg
by,tr,-1800,Neg
ch,sg,-1800,Neg
cz,lu,-1800,Neg
dk,be,-1800,Neg
dk,lv,-1800,Neg
dk,ae,-1800,Neg
fr,au,-1800,Neg
fr,ga,-1800,Neg
hk,nz,-1800,Neg
hn,mx,-1800,Neg
hn,ni,-1800,Neg
ir,se,-1800,Neg
it,pl,-1800,Neg
kr,kh,-1800,Neg
my,mm,-1800,Neg
nl,se,-1800,Neg
no,et,-1800,Neg
pe,gb,-1800,Neg
ph,bh,-1800,Neg
pk,it,-1800,Neg
ro,in,-1800,Neg
sn,be,-1800,Neg
th,ca,-1800,Neg
th,dk,-1800,Neg
tr,ie,-1800,Neg
tr,es,-1800,Neg
us,co,-1800,Neg
ve,nl,-1800,Neg
za,hk,-1800,Neg
za,nl,-1800,Neg
at,il,-1900,Neg
cl,de,-1900,Neg
co,de,-1900,Neg
do,co,-1900,Neg
do,pr,-1900,Neg
ec,cl,-1900,Neg
gb,ke,-1900,Neg
gb,qa,-1900,Neg
in,ie,-1900,Neg
in,om,-1900,Neg
jp,se,-1900,Neg
ng,qa,-1900,Neg
ng,sa,-1900,Neg
ph,de,-1900,Neg
ph,kw,-1900,Neg
pk,kr,-1900,Neg
pl,nz,-1900,Neg
pl,za,-1900,Neg
pt,pl,-1900,Neg
pt,se,-1900,Neg
sa,de,-1900,Neg
ve,ie,-1900,Neg
za,de,-1900,Neg
ae,iq,-2000,Neg
ar,gb,-2000,Neg
be,sg,-2000,Neg
ch,sa,-2000,Neg
ci,be,-2000,Neg
ec,pe,-2000,Neg
eg,fr,-2000,Neg
fr,se,-2000,Neg
hk,id,-2000,Neg
it,ca,-2000,Neg
ke,tz,-2000,Neg
no,ph,-2000,Neg
pk,my,-2000,Neg
pl,mt,-2000,Neg
ro,pl,-2000,Neg
se,de,-2000,Neg
us,au,-2000,Neg
za,ie,-2000,Neg
ae,bd,-2100,Neg
cr,de,-2100,Neg
eg,ie,-2100,Neg
eg,it,-2100,Neg
es,sa,-2100,Neg
gh,cn,-2100,Neg
gr,fi,-2100,Neg
gr,ro,-2100,Neg
ie,se,-2100,Neg
is,se,-2100,Neg
ng,cn,-2100,Neg
nz,de,-2100,Neg
ph,jp,-2100,Neg
sa,se,-2100,Neg
sn,gb,-2100,Neg
tn,it,-2100,Neg
tz,zm,-2100,Neg
ua,qa,-2100,Neg
za,ao,-2100,Neg
za,bw,-2100,Neg
ae,mm,-2200,Neg
ar,pe,-2200,Neg
co,ca,-2200,Neg
co,pe,-2200,Neg
cy,fr,-2200,Neg
eg,dk,-2200,Neg
es,se,-2200,Neg
fi,ae,-2200,Neg
fr,cd,-2200,Neg
gb,sg,-2200,Neg
in,bh,-2200,Neg
jp,ie,-2200,Neg
kr,se,-2200,Neg
nl,ie,-2200,Neg
th,no,-2200,Neg
th,ae,-2200,Neg
ar,nz,-2300,Neg
bg,cn,-2300,Neg
br,es,-2300,Neg
do,ht,-2300,Neg
es,ec,-2300,Neg
fr,jp,-2300,Neg
gr,es,-2300,Neg
hr,cz,-2300,Neg
jp,bd,-2300,Neg
ke,qa,-2300,Neg
pk,af,-2300,Neg
sk,es,-2300,Neg
sk,se,-2300,Neg
tr,sa,-2300,Neg
tw,au,-2300,Neg
ug,ng,-2300,Neg
vn,de,-2300,Neg
za,mz,-2300,Neg
at,no,-2400,Neg
bo,cl,-2400,Neg
dz,sa,-2400,Neg
eg,iq,-2400,Neg
es,au,-2400,Neg
jp,mm,-2400,Neg
kw,iq,-2400,Neg
mx,gb,-2400,Neg
tz,ae,-2400,Neg
ae,nz,-2500,Neg
ar,fr,-2500,Neg
be,au,-2500,Neg
be,ie,-2500,Neg
bg,no,-2500,Neg
ca,de,-2500,Neg
eg,se,-2500,Neg
fi,ie,-2500,Neg
fr,nl,-2500,Neg
id,gb,-2500,Neg
it,dk,-2500,Neg
lt,tr,-2500,Neg
my,iq,-2500,Neg
no,ae,-2500,Neg
pk,om,-2500,Neg
ro,no,-2500,Neg
tr,it,-2500,Neg
tr,gb,-2500,Neg
za,qa,-2500,Neg
au,sa,-2600,Neg
co,ec,-2600,Neg
es,do,-2600,Neg
it,au,-2600,Neg
kr,ph,-2600,Neg
om,my,-2600,Neg
pt,dk,-2600,Neg
sk,be,-2600,Neg
sk,pl,-2600,Neg
th,kh,-2600,Neg
ua,th,-2600,Neg
ve,gt,-2600,Neg
be,ca,-2700,Neg
hu,fr,-2700,Neg
jp,in,-2700,Neg
lu,sg,-2700,Neg
ma,ci,-2700,Neg
my,id,-2700,Neg
no,id,-2700,Neg
np,fr,-2700,Neg
ro,eg,-2700,Neg
tr,se,-2700,Neg
az,fr,-2800,Neg
bd,qa,-2800,Neg
cn,sg,-2800,Neg
cr,gb,-2800,Neg
fi,at,-2800,Neg
gr,cz,-2800,Neg
it,lu,-2800,Neg
it,mt,-2800,Neg
it,se,-2800,Neg
kr,nl,-2800,Neg
kr,gb,-2800,Neg
nl,ir,-2800,Neg
no,ug,-2800,Neg
pk,nz,-2800,Neg
pl,at,-2800,Neg
pt,au,-2800,Neg
ro,cz,-2800,Neg
sn,bf,-2800,Neg
tn,es,-2800,Neg
tr,au,-2800,Neg
ua,cy,-2800,Neg
ua,lt,-2800,Neg
bg,ro,-2900,Neg
cz,se,-2900,Neg
gr,it,-2900,Neg
kr,nz,-2900,Neg
lb,it,-2900,Neg
sk,ae,-2900,Neg
ua,bg,-2900,Neg
ar,au,-3000,Neg
co,pa,-3000,Neg
cr,pa,-3000,Neg
gb,au,-3000,Neg
gh,de,-3000,Neg
il,au,-3000,Neg
it,at,-3000,Neg
jp,ir,-3000,Neg
kr,no,-3000,Neg
tw,de,-3000,Neg
gb,ir,-3100,Neg
ge,gb,-3100,Neg
hn,cr,-3100,Neg
hu,no,-3100,Neg
ie,sg,-3100,Neg
is,ca,-3100,Neg
jp,br,-3100,Neg
kz,de,-3100,Neg
lb,iq,-3100,Neg
pl,es,-3100,Neg
ro,au,-3100,Neg
tw,id,-3100,Neg
bd,sg,-3200,Neg
be,cd,-3200,Neg
br,de,-3200,Neg
ie,de,-3200,Neg
in,nl,-3200,Neg
in,gb,-3200,Neg
ke,au,-3200,Neg
lk,de,-3200,Neg
no,bd,-3200,Neg
pt,no,-3200,Neg
sk,ie,-3200,Neg
tg,gh,-3200,Neg
az,kz,-3300,Neg
bs,ca,-3300,Neg
ca,id,-3300,Neg
in,my,-3300,Neg
lt,fr,-3300,Neg
mu,za,-3300,Neg
tw,ca,-3300,Neg
ua,dk,-3300,Neg
us,ae,-3300,Neg
vn,fi,-3300,Neg
at,gb,-3400,Neg
cn,nz,-3400,Neg
cy,nl,-3400,Neg
eg,nl,-3400,Neg
fi,lu,-3400,Neg
gr,sa,-3400,Neg
my,de,-3400,Neg
rs,hr,-3400,Neg
al,ch,-3500,Neg
ar,de,-3500,Neg
bg,cz,-3500,Neg
cn,de,-3500,Neg
cr,ni,-3500,Neg
cz,at,-3500,Neg
cz,dk,-3500,Neg
hk,ae,-3500,Neg
jo,iq,-3500,Neg
kr,jp,-3500,Neg
ma,tr,-3500,Neg
ng,jp,-3500,Neg
no,pk,-3500,Neg
qa,nz,-3500,Neg
sk,tr,-3500,Neg
ua,ie,-3500,Neg
ug,rw,-3500,Neg
do,fr,-3600,Neg
eg,bh,-3600,Neg
fr,hk,-3600,Neg
hu,mt,-3600,Neg
hu,nz,-3600,Neg
in,kw,-3600,Neg
jp,my,-3600,Neg
mx,de,-3600,Neg
ph,gb,-3600,Neg
pt,lu,-3600,Neg
sg,de,-3600,Neg
uy,cl,-3600,Neg
ar,co,-3700,Neg
ba,gb,-3700,Neg
br,gb,-3700,Neg
gr,pl,-3700,Neg
gt,pa,-3700,Neg
pl,ie,-3700,Neg
tz,ca,-3700,Neg
ua,be,-3700,Neg
ua,lv,-3700,Neg
co,au,-3800,Neg
do,us,-3800,Neg
ee,gb,-3800,Neg
es,ae,-3800,Neg
fr,cn,-3800,Neg
hr,it,-3800,Neg
ir,nz,-3800,Neg
jp,de,-3800,Neg
lb,qa,-3800,Neg
lt,ca,-3800,Neg
sk,nl,-3800,Neg
us,ke,-3800,Neg
vn,sg,-3800,Neg
za,zm,-3800,Neg
at,ae,-3900,Neg
az,ge,-3900,Neg
az,it,-3900,Neg
bd,cn,-3900,Neg
ch,hk,-3900,Neg
gt,ni,-3900,Neg
hu,cz,-3900,Neg
za,ke,-3900,Neg
am,ir,-4000,Neg
ir,at,-4000,Neg
ke,zm,-4000,Neg
mu,mg,-4000,Neg
pl,lu,-4000,Neg
sv,us,-4000,Neg
tr,ca,-4000,Neg
ve,br,-4000,Neg
au,de,-4100,Neg
cz,nz,-4100,Neg
ie,ch,-4100,Neg
iq,se,-4100,Neg
nl,ae,-4100,Neg
ve,pt,-4100,Neg
ar,mx,-4200,Neg
br,au,-4200,Neg
by,ca,-4200,Neg
co,cl,-4200,Neg
za,sa,-4200,Neg
bg,pl,-4300,Neg
dz,qa,-4300,Neg
fi,dk,-4300,Neg
hr,es,-4300,Neg
ie,sa,-4300,Neg
il,nl,-4300,Neg
ro,qa,-4300,Neg
rs,cz,-4300,Neg
tw,vn,-4300,Neg
hu,au,-4400,Neg
jp,th,-4400,Neg
ke,ng,-4400,Neg
ro,ch,-4400,Neg
ua,hu,-4400,Neg
bd,nz,-4500,Neg
cm,be,-4500,Neg
dz,ae,-4500,Neg
lb,jo,-4500,Neg
lb,om,-4500,Neg
lb,es,-4500,Neg
ma,de,-4500,Neg
pk,cn,-4500,Neg
rs,si,-4500,Neg
si,fr,-4500,Neg
ua,tr,-4500,Neg
ug,ca,-4500,Neg
us,sa,-4500,Neg
ve,fr,-4500,Neg
gb,zm,-4600,Neg
gh,au,-4600,Neg
hu,ca,-4600,Neg
ke,cd,-4600,Neg
kr,au,-4600,Neg
no,se,-4600,Neg
ve,ca,-4600,Neg
ga,cm,-4700,Neg
gb,hk,-4700,Neg
my,ca,-4700,Neg
my,ng,-4700,Neg
za,cd,-4700,Neg
at,be,-4800,Neg
cm,cn,-4800,Neg
es,ie,-4800,Neg
gr,au,-4800,Neg
gr,at,-4800,Neg
hr,pl,-4800,Neg
hu,ae,-4800,Neg
lv,it,-4800,Neg
th,se,-4800,Neg
ua,kz,-4800,Neg
ve,au,-4800,Neg
be,ae,-4900,Neg
cz,ie,-4900,Neg
fr,sg,-4900,Neg
ge,de,-4900,Neg
hn,ca,-4900,Neg
jo,bh,-4900,Neg
kr,vn,-4900,Neg
ng,au,-4900,Neg
ni,ca,-4900,Neg
ph,my,-4900,Neg
rs,cn,-4900,Neg
uz,kz,-4900,Neg
ve,it,-4900,Neg
al,be,-5000,Neg
cz,au,-5000,Neg
do,cl,-5000,Neg
in,nz,-5000,Neg
it,be,-5000,Neg
ke,ca,-5000,Neg
lt,lv,-5000,Neg
lt,es,-5000,Neg
my,nz,-5000,Neg
ro,se,-5000,Neg
ua,it,-5000,Neg
us,ir,-5000,Neg
br,pt,-5100,Neg
fr,ie,-5100,Neg
hr,fr,-5100,Neg
is,de,-5100,Neg
no,tz,-5100,Neg
ye,eg,-5100,Neg
ye,in,-5100,Neg
dk,no,-5200,Neg
fi,ch,-5200,Neg
gr,no,-5200,Neg
tr,nl,-5200,Neg
gr,ie,-5300,Neg
jo,om,-5300,Neg
tn,tr,-5300,Neg
ua,au,-5300,Neg
ua,ch,-5300,Neg
ug,cd,-5300,Neg
bg,se,-5400,Neg
cr,mx,-5400,Neg
gb,cn,-5400,Neg
ua,at,-5400,Neg
za,ca,-5400,Neg
az,de,-5500,Neg
eg,tr,-5500,Neg
lb,be,-5500,Neg
lb,ng,-5500,Neg
nl,gb,-5500,Neg
hu,lu,-5600,Neg
ro,at,-5600,Neg
rs,be,-5600,Neg
za,na,-5600,Neg
at,ie,-5700,Neg
gt,mx,-5700,Neg
ma,qa,-5700,Neg
mt,de,-5700,Neg
mt,ae,-5700,Neg
au,pg,-5800,Neg
es,cl,-5800,Neg
sv,mx,-5800,Neg
zw,ca,-5800,Neg
br,ca,-5900,Neg
gb,de,-5900,Neg
gb,sa,-5900,Neg
ir,tr,-5900,Neg
pk,bh,-5900,Neg
ua,cn,-5900,Neg
ua,cz,-5900,Neg
cz,ae,-6000,Neg
lu,ae,-6000,Neg
pl,nl,-6000,Neg
cm,ci,-6100,Neg
cm,de,-6100,Neg
es,pe,-6100,Neg
it,ae,-6100,Neg
my,au,-6100,Neg
nl,ch,-6100,Neg
bg,au,-6200,Neg
kw,de,-6200,Neg
pt,nl,-6200,Neg
bd,my,-6300,Neg
br,ie,-6300,Neg
lt,nl,-6300,Neg
lt,pl,-6300,Neg
pl,no,-6300,Neg
at,au,-6400,Neg
kr,hk,-6400,Neg
ni,pa,-6400,Neg
tr,ae,-6400,Neg
al,in,-6500,Neg
es,co,-6500,Neg
pt,be,-6500,Neg
gr,qa,-6600,Neg
no,zw,-6600,Neg
pt,ae,-6600,Neg
rw,ca,-6600,Neg
th,de,-6600,Neg
by,it,-6700,Neg
gr,dk,-6700,Neg
gr,lu,-6700,Neg
iq,tr,-6700,Neg
kr,ae,-6700,Neg
kw,za,-6700,Neg
lb,se,-6700,Neg
ro,lu,-6700,Neg
tn,ch,-6700,Neg
ua,ee,-6700,Neg
bg,es,-6800,Neg
pt,ie,-6800,Neg
pt,mz,-6800,Neg
qa,au,-6800,Neg
si,nl,-6800,Neg
au,hk,-6900,Neg
ve,de,-6900,Neg
iq,de,-7000,Neg
kz,ca,-7000,Neg
my,ae,-7000,Neg
ua,se,-7000,Neg
us,ng,-7000,Neg
lt,ch,-7100,Neg
ua,sk,-7100,Neg
do,pa,-7200,Neg
it,nl,-7200,Neg
jm,tt,-7200,Neg
sv,ca,-7200,Neg
ua,es,-7200,Neg
it,ie,-7300,Neg
kw,au,-7300,Neg
om,sg,-7300,Neg
pl,au,-7300,Neg
pl,ae,-7300,Neg
us,id,-7300,Neg
ve,do,-7300,Neg
au,ie,-7400,Neg
fi,nl,-7400,Neg
fr,ae,-7400,Neg
ge,ae,-7400,Neg
lb,nl,-7400,Neg
eg,au,-7500,Neg
gh,ci,-7500,Neg
lt,au,-7500,Neg
ua,by,-7500,Neg
us,gb,-7500,Neg
bh,kw,-7600,Neg
cn,au,-7600,Neg
cn,hk,-7600,Neg
ee,se,-7600,Neg
hr,se,-7600,Neg
ly,tn,-7600,Neg
ua,fr,-7600,Neg
vn,au,-7600,Neg
jo,au,-7700,Neg
pt,es,-7700,Neg
ro,hu,-7700,Neg
ro,es,-7700,Neg
rs,qa,-7700,Neg
cy,au,-7800,Neg
es,ch,-7800,Neg
iq,au,-7800,Neg
us,za,-7800,Neg
tn,ma,-7900,Neg
ro,ca,-8000,Neg
bd,de,-8100,Neg
bg,be,-8100,Neg
bg,ch,-8100,Neg
bg,tr,-8100,Neg
cz,nl,-8100,Neg
mt,es,-8100,Neg
lv,es,-8200,Neg
si,be,-8200,Neg
be,ch,-8300,Neg
bg,ae,-8300,Neg
gr,ca,-8300,Neg
hr,ch,-8300,Neg
ir,it,-8300,Neg
rs,au,-8300,Neg
th,au,-8300,Neg
de,lu,-8400,Neg
my,sa,-8400,Neg
be,de,-8500,Neg
kr,de,-8500,Neg
lk,sa,-8500,Neg
tr,cy,-8500,Neg
us,br,-8500,Neg
bg,fr,-8700,Neg
in,de,-8700,Neg
nl,be,-8700,Neg
np,qa,-8700,Neg
ro,dk,-8700,Neg
om,sa,-8800,Neg
pt,fr,-8800,Neg
ve,gb,-8900,Neg
rs,fr,-9000,Neg
hr,au,-9100,Neg
hr,ca,-9100,Neg
lv,ch,-9100,Neg
si,ch,-9100,Neg
bw,zw,-9200,Neg
is,no,-9200,Neg
it,fr,-9300,Neg
zw,na,-9300,Neg
rw,tz,-9400,Neg
sk,hu,-9400,Neg
at,de,-9500,Neg
cn,ca,-9500,Neg
pa,ec,-9500,Neg
pk,qa,-9500,Neg
ug,ae,-9500,Neg
ci,ml,-9600,Neg
hr,no,-9600,Neg
hr,ae,-9600,Neg
do,ca,-9700,Neg
gr,cy,-9700,Neg
il,id,-9700,Neg
tg,ci,-9700,Neg
vn,ca,-9700,Neg
ar,cl,-9800,Neg
hr,nl,-9800,Neg
ie,ca,-9800,Neg
ng,hk,-9800,Neg
by,lt,-9900,Neg
hu,be,-9900,Neg
in,qa,-9900,Neg
in,sg,-9900,Neg
mk,us,-9900,Neg
gr,fr,-10000,Neg
mu,au,-10000,Neg
af,ca,-10100,Neg
af,kw,-10100,Neg
gr,ae,-10100,Neg
by,ae,-10200,Neg
et,ae,-10200,Neg
bg,at,-10300,Neg
bg,in,-10300,Neg
bg,ie,-10300,Neg
eg,gh,-10300,Neg
fr,be,-10300,Neg
jp,sg,-10300,Neg
jm,gb,-10400,Neg
sv,pa,-10500,Neg
ae,au,-10600,Neg
lv,ee,-10600,Neg
md,ua,-10600,Neg
ve,uy,-10600,Neg
zw,mz,-10600,Neg
cd,ca,-10700,Neg
hu,br,-10700,Neg
ir,dk,-10700,Neg
rs,it,-10700,Neg
zm,zw,-10700,Neg
kr,cn,-10800,Neg
ro,be,-10800,Neg
sk,au,-10800,Neg
ro,ie,-10900,Neg
ua,il,-10900,Neg
ie,ae,-11000,Neg
ug,ke,-11000,Neg
ve,cr,-11000,Neg
bh,au,-11100,Neg
gh,ng,-11100,Neg
jo,kw,-11100,Neg
my,ir,-11100,Neg
nl,de,-11100,Neg
tw,sg,-11100,Neg
hu,dk,-11200,Neg
pk,de,-11200,Neg
cz,ch,-11300,Neg
bg,nl,-11400,Neg
et,ca,-11400,Neg
ph,nz,-11500,Neg
rs,hu,-11500,Neg
rs,se,-11500,Neg
bg,dk,-11600,Neg
hu,es,-11600,Neg
sn,ci,-11600,Neg
sn,ga,-11600,Neg
ch,ae,-11800,Neg
gr,be,-11800,Neg
is,es,-11800,Neg
it,es,-11800,Neg
lb,tr,-11900,Neg
lk,sg,-11900,Neg
sy,gb,-11900,Neg
fr,de,-12100,Neg
hr,be,-12100,Neg
ua,gb,-12100,Neg
rs,nl,-12200,Neg
jo,tr,-12300,Neg
ro,nl,-12300,Neg
uz,us,-12300,Neg
pa,cl,-12400,Neg
lk,ca,-12500,Neg
bh,ca,-12600,Neg
gh,ae,-12600,Neg
ke,ae,-12600,Neg
ua,nl,-12700,Neg
es,de,-12900,Neg
il,gb,-12900,Neg
ps,de,-12900,Neg
tn,ae,-12900,Neg
by,gb,-13000,Neg
by,us,-13000,Neg
mg,ca,-13000,Neg
tr,de,-13000,Neg
hu,ie,-13100,Neg
za,nz,-13100,Neg
zw,au,-13100,Neg
kw,sa,-13200,Neg
kz,ae,-13200,Neg
rw,ke,-13200,Neg
za,ae,-13200,Neg
il,de,-13300,Neg
se,dk,-13300,Neg
sk,gb,-13400,Neg
al,ca,-13500,Neg
ph,sg,-13500,Neg
pl,ng,-13600,Neg
ve,us,-13600,Neg
in,sa,-13900,Neg
iq,sa,-13900,Neg
sg,mm,-13900,Neg
ci,ca,-14000,Neg
cy,ca,-14000,Neg
pt,de,-14000,Neg
am,fr,-14100,Neg
ng,ae,-14100,Neg
tg,us,-14100,Neg
lt,de,-14200,Neg
sg,ca,-14200,Neg
vn,kh,-14200,Neg
fi,gb,-14300,Neg
no,in,-14300,Neg
sk,dk,-14300,Neg
sn,ca,-14400,Neg
bj,be,-14500,Neg
bf,ci,-14600,Neg
gh,ca,-14600,Neg
rs,ch,-14700,Neg
pl,in,-14900,Neg
ba,tr,-15000,Neg
be,gb,-15100,Neg
iq,ca,-15100,Neg
ly,gb,-15100,Neg
th,mm,-15200,Neg
fr,ca,-15300,Neg
pt,ch,-15300,Neg
fi,in,-15500,Neg
kr,ca,-15500,Neg
sg,nz,-15500,Neg
tw,hk,-15500,Neg
gb,ae,-15600,Neg
np,ae,-15600,Neg
af,gb,-15700,Neg
cm,ae,-15700,Neg
lb,kw,-15700,Neg
ma,ae,-15700,Neg
no,gh,-15800,Neg
bj,sn,-16000,Neg
hu,se,-16000,Neg
mu,ke,-16000,Neg
pl,ch,-16000,Neg
hk,sg,-16300,Neg
ph,qa,-16400,Neg
ro,fr,-16500,Neg
tn,sa,-16500,Neg
jo,ca,-16700,Neg
cy,de,-16800,Neg
kr,sg,-16800,Neg
lk,nz,-17200,Neg
gr,ch,-17300,Neg
mu,ae,-17300,Neg
ve,pe,-17300,Neg
np,us,-17400,Neg
lb,au,-17600,Neg
sg,id,-17600,Neg
eg,de,-17800,Neg
sd,qa,-18100,Neg
az,ca,-18200,Neg
jo,de,-18300,Neg
sa,qa,-18300,Neg
cy,ae,-18500,Neg
hu,nl,-18600,Neg
rs,no,-18600,Neg
al,gb,-18900,Neg
fi,de,-19000,Neg
it,de,-19100,Neg
kw,ng,-19100,Neg
gr,se,-19400,Neg
eg,ca,-19900,Neg
eg,kw,-19900,Neg
ma,ca,-19900,Neg
il,ps,-20200,Neg
rs,ca,-20300,Neg
cu,ca,-20400,Neg
in,au,-21000,Neg
kw,qa,-21000,Neg
ph,au,-21000,Neg
qa,ca,-21200,Neg
cn,us,-21300,Neg
ee,au,-21400,Neg
rs,at,-21400,Neg
za,au,-21400,Neg
sk,de,-21600,Neg
fr,lu,-21800,Neg
sg,ae,-21800,Neg
es,mx,-21900,Neg
sk,ch,-21900,Neg
hr,gb,-22000,Neg
md,it,-22000,Neg
bj,ci,-22100,Neg
il,ca,-22600,Neg
ly,ca,-22700,Neg
om,au,-22700,Neg
tn,de,-22900,Neg
cu,mx,-23000,Neg
ua,ae,-23100,Neg
uz,tr,-23500,Neg
hr,at,-23700,Neg
in,ca,-23700,Neg
gr,nl,-24000,Neg
tn,qa,-24000,Neg
in,us,-24200,Neg
sy,fr,-24400,Neg
cz,de,-24800,Neg
zw,ae,-25000,Neg
am,ae,-25100,Neg
dz,ca,-25400,Neg
it,ch,-25600,Neg
af,ae,-25700,Neg
mk,gb,-25800,Neg
ba,rs,-26200,Neg
cz,gb,-26200,Neg
ie,gb,-26200,Neg
lv,gb,-26400,Neg
fr,gb,-26500,Neg
es,gb,-26600,Neg
jm,us,-26600,Neg
ly,tr,-26900,Neg
ph,sa,-26900,Neg
pt,ao,-26900,Neg
tg,fr,-27100,Neg
tn,ci,-27100,Neg
sy,nl,-27300,Neg
lb,de,-27800,Neg
mk,nl,-27800,Neg
mk,ae,-27800,Neg
ua,ca,-28000,Neg
am,ca,-28100,Neg
at,ch,-28300,Neg
hu,ch,-28300,Neg
pl,de,-29000,Neg
ph,ca,-29100,Neg
gt,sv,-29200,Neg
sy,iq,-29500,Neg
sy,lb,-29500,Neg
ae,ca,-29600,Neg
zw,za,-29800,Neg
be,lu,-29900,Neg
na,zm,-29900,Neg
om,ca,-30100,Neg
ro,ae,-30500,Neg
sa,ae,-30500,Neg
md,fr,-31000,Neg
np,ca,-31100,Neg
bh,qa,-31300,Neg
ht,ca,-31600,Neg
by,de,-31700,Neg
lv,de,-31700,Neg
by,pl,-32000,Neg
pk,au,-32000,Neg
az,ae,-32100,Neg
iq,ir,-32200,Neg
ps,jo,-32300,Neg
ua,us,-33000,Neg
am,us,-33100,Neg
ng,ca,-33200,Neg
gb,za,-33300,Neg
fi,se,-33500,Neg
af,iq,-33600,Neg
rs,ae,-34000,Neg
no,za,-34200,Neg
pk,ca,-34600,Neg
bd,ca,-35700,Neg
jp,cn,-35900,Neg
sy,ca,-36400,Neg
kr,us,-36600,Neg
kw,ca,-37500,Neg
tw,us,-37600,Neg
gr,de,-37700,Neg
si,de,-37700,Neg
ve,mx,-37700,Neg
ir,au,-38000,Neg
al,de,-38400,Neg
ye,ae,-38500,Neg
dz,fr,-39000,Neg
sk,at,-39200,Neg
sy,sa,-39200,Neg
ua,de,-39200,Neg
ly,ae,-39500,Neg
fj,nz,-40100,Neg
eg,qa,-40300,Neg
ba,hr,-40500,Neg
ve,ec,-40600,Neg
hu,at,-40700,Neg
no,ke,-41000,Neg
bd,au,-41100,Neg
ro,de,-41800,Neg
mu,ca,-41900,Neg
lu,ch,-42500,Neg
ve,ar,-43400,Neg
de,ch,-43500,Neg
bj,ca,-44200,Neg
tn,ca,-44500,Neg
si,gb,-44600,Neg
cm,ca,-45900,Neg
lk,qa,-46300,Neg
it,gb,-48000,Neg
ro,ir,-49900,Neg
bh,sa,-50000,Neg
si,at,-51400,Neg
rs,de,-51900,Neg
az,tr,-52000,Neg
md,de,-52200,Neg
lb,fr,-52300,Neg
ba,at,-52400,Neg
mk,de,-52900,Neg
lk,ae,-53100,Neg
jo,qa,-53700,Neg
md,ca,-54700,Neg
fr,ch,-56900,Neg
lt,gb,-57100,Neg
md,us,-57100,Neg
lb,ca,-59200,Neg
ly,eg,-61400,Neg
gt,hn,-61500,Neg
bg,de,-62100,Neg
no,ng,-62400,Neg
om,qa,-63500,Neg
tw,cn,-64200,Neg
pl,gb,-64800,Neg
sy,se,-64800,Neg
ma,fr,-66000,Neg
gb,ng,-66500,Neg
in,ae,-66600,Neg
np,au,-67400,Neg
uz,ae,-69200,Neg
am,de,-69300,Neg
na,ao,-69700,Neg
ps,sa,-70200,Neg
md,gb,-71800,Neg
hu,de,-72500,Neg
ro,sa,-73700,Neg
my,sg,-77700,Neg
ph,ae,-78300,Neg
ve,co,-78300,Neg
pk,sa,-79900,Neg
cu,uy,-80400,Neg
is,za,-81700,Neg
hr,ie,-83100,Neg
kw,ae,-83300,Neg
ba,de,-89100,Neg
ua,pl,-91000,Neg
lb,sa,-92100,Neg
pt,gb,-95000,Neg
ve,es,-99300,Neg
sd,ae,-100600,Neg
jm,ca,-100800,Neg
sy,tr,-102300,Neg
ye,sa,-102700,Neg
lk,au,-103600,Neg
hr,de,-106300,Neg
ve,pa,-106500,Neg
md,ro,-106900,Neg
is,in,-108900,Neg
bh,ae,-109500,Neg
ir,ca,-110100,Neg
ci,fr,-111100,Neg
bj,fr,-115000,Neg
ve,cl,-119000,Neg
af,us,-120300,Neg
eg,ae,-124400,Neg
qa,ae,-124800,Neg
sy,de,-127300,Neg
bg,gb,-129900,Neg
hu,gb,-131300,Neg
is,zw,-136700,Neg
eg,sa,-137900,Neg
sy,ae,-138100,Neg
gr,gb,-145200,Neg
ro,gb,-146000,Neg
sk,cz,-147000,Neg
rw,cd,-147600,Neg
ps,ae,-174700,Neg
om,ae,-186400,Neg
tn,fr,-189800,Neg
pk,ae,-191300,Neg
cu,us,-204200,Neg
jo,sa,-208100,Neg
lb,ae,-243400,Neg
jo,ae,-275500,Neg
is,ng,-286700,Neg
sd,sa,-306700,Neg
pr,us,-370100,Neg
